internalName,title,metacriticLink,dealID,storeID,gameID,salePrice,normalPrice,isOnSale,savings,metacriticScore,steamRatingText,steamRatingPercent,steamRatingCount,steamAppID,releaseDate,lastChange,dealRating,thumb,title_clean,is_on_sale,days_since_last_change,game_age_days,discount_depth
STARWARSJEDISURVIVOR,STAR WARS Jedi: Survivor,/game/star-wars-jedi-survivor/,wzTRT1Kqwi%2BH%2FaIJ%2FfoYYlTH52bqthlOKQmEfe2y%2BJY%3D,25,254430,6.99,69.99,1,90.012859,78,Mixed,68,47672,1774580,2023-04-27,2026-03-30 16:10:26,10.0,https://shared.fastly.steamstatic.com/store_item_assets/steam/apps/1774580/capsule_231x87.jpg?t=1748945254,star wars jedi survivor,1,1,1069,90.01285897985426
SUICIDESQUADKILLTHEJUSTICELEAGUE,Suicide Squad: Kill the Justice League,/game/suicide-squad-kill-the-justice-league/,oyadBOu1z6MVss1%2BMfCBqCSpNd8cUcuA9cl2j7PtgMc%3D,25,273928,3.49,69.99,1,95.013573,63,Mixed,62,7526,315210,2024-02-02,2026-03-30 16:05:22,10.0,https://shared.fastly.steamstatic.com/store_item_assets/steam/apps/315210/capsule_231x87.jpg?t=1739898445,suicide squad kill the justice league,1,1,788,95.01357336762395
EASPORTSPGATOUR,EA SPORTS PGA TOUR,/game/ea-sports-pga-tour/,d%2F76kKc8wzdFvnXE2GTj0ruDps28NPqKIfIvQ4AjZ8c%3D,25,256277,6.99,69.99,1,90.012859,72,Mixed,55,1842,1677350,2023-04-06,2026-03-30 16:10:39,10.0,https://shared.fastly.steamstatic.com/store_item_assets/steam/apps/1677350/capsule_231x87.jpg?t=1748913401,ea sports pga tour,1,1,1090,90.01285897985426
SUICIDESQUADKILLTHEJUSTICELEAGUEDIGITALDELUXEEDITION,Suicide Squad: Kill the Justice League - Digital Deluxe Edition,,x9sPdlHkKso7HR7cc6%2Fo5AGZnAm5K7EAdnDknBAJoWY%3D,25,278533,4.99,99.99,1,95.009501,0,,0,0,,1970-01-01,2026-03-30 16:05:22,10.0,https://sttc.gamersgate.com/images/product/suicide-squad-kill-the-justice-league-digital-deluxe-edition/cover-180-c29cf2.jpg,suicide squad kill the justice league digital deluxe edition,1,1,20543,95.00950095009502
HAVENDOCK,Havendock,/game/havendock/,Ue5SsaTTTxBB%2FgB6%2FUE9IdMVd1SIlAgKj%2FuljlITpRo%3D,25,259713,0.0,19.99,1,100.0,0,Very Positive,82,1442,2020710,2025-04-22,2026-03-26 16:08:16,10.0,https://shared.fastly.steamstatic.com/store_item_assets/steam/apps/2020710/f7d1360e88acc5d88c5db21d285c7f2f2966c176/capsule_231x87.jpg?t=1773056724,havendock,1,5,343,100.0
NEEDFORSPEEDUNBOUNDSTANDARDEDITION,Need for Speed Unbound Standard Edition,,GHtu5sEsQ5iEa9rCFH8n2QZR26CRxxhbCXmnPqI2Y4c%3D,25,258408,6.99,69.99,1,90.012859,0,,0,0,,1970-01-01,2026-03-30 16:11:43,10.0,https://cdn1.epicgames.com/offer/9acb0d22292b48acaeb0eb38b391df93/EGS_NeedforSpeedUnbound_CriterionGames_S2_1200x1600-9633e095cbd48726c6025f64d3114bb8,need for speed unbound standard edition,1,1,20543,90.01285897985426
WILDHEARTSSTANDARDEDITION,WILD HEARTS Standard Edition,,sd99iVUAHrkuyjiMCNytra%2Bbgh056rtQDXhJqeMc9CM%3D,25,257291,6.99,69.99,1,90.012859,0,,0,0,,1970-01-01,2026-03-30 16:11:16,10.0,https://cdn1.epicgames.com/offer/4cbfe407ada24702a556b6e4d28a8800/EGS_WILDHEARTSStandardEdition_KOEITECMOGAMESCOLTD_S2_1200x1600-398fdb8dbc918051f99347ebe0335973,wild hearts standard edition,1,1,20543,90.01285897985426
IMMORTALSOFAVEUMDELUXEEDITION,Immortals of Aveum Deluxe Edition,,Go76Xfz1d6FYF1CeZfy0FHKlMoW029FzeEims4aB60Q%3D,25,269918,6.99,69.99,1,90.012859,0,,0,0,,1970-01-01,2026-03-30 16:08:51,10.0,https://cdn1.epicgames.com/offer/33a47f9b76374045b7da20af80c40aa1/EGS_ImmortalsofAveumDeluxeEdition_AscendantStudios_Editions_S2_1200x1600-7457dd5d665aafef1e9306a8da24d4bd,immortals of aveum deluxe edition,1,1,20543,90.01285897985426
THECREWMOTORFESTSTANDARDEDITION,The Crew Motorfest Standard Edition,,OZUNWt%2FWK3aY0pVhuewV%2Byf77VT9Exz13flnkKiU%2B50%3D,25,272822,6.99,69.99,1,90.012859,0,,0,0,,1970-01-01,2026-03-30 16:08:36,10.0,https://images.greenmangaming.com/b6930f8cfc934fd793747a11752ab50d/9bbbfd806db94969bee7ee3192dcdf44.jpg,the crew motorfest standard edition,1,1,20543,90.01285897985426
THECREWMOTORFESTDELUXEEDITION,The Crew Motorfest Deluxe Edition,,0bXTeXdjCDn8%2Frra8xhiiyBhifC1t6Af5daa3BEHN%2BA%3D,25,278173,7.99,79.99,1,90.011251,0,,0,0,,1970-01-01,2026-03-30 16:07:37,10.0,https://images.greenmangaming.com/1aee68657c394446a9c7f50ea9ebe0ae/63a3d6ebed764c71835119b2bac0829a.jpg,the crew motorfest deluxe edition,1,1,20543,90.01125140642581
EASPORTSPGATOURDELUXEEDITION,EA SPORTS PGA TOUR Deluxe Edition,,LP38E%2B2cb%2FoH25XYKA8vb7HF2FKGDFoiFvgUaul9VCE%3D,25,256278,8.49,84.99,1,90.010589,0,,0,0,,1970-01-01,2026-03-30 16:10:42,10.0,https://cdn1.epicgames.com/offer/19d5458aa3c849a1b0fff69da4c9ed9d/EGS_EASPORTSPGATOURDeluxeEdition_ElectronicArtsTiburon_Editions_S2_1200x1600-ceccad47f83fc0ad333977ad854338e0,ea sports pga tour deluxe edition,1,1,20543,90.01058948111543
WILDHEARTSKARAKURIEDITION,WILD HEARTS Karakuri Edition,,x9mjvQ1tv3Jl4xWaYJM0fFxf1kn0t2nPZmcaQnEx9Q8%3D,25,254394,8.99,89.99,1,90.010001,0,,0,0,,1970-01-01,2026-03-30 16:11:16,10.0,https://cdn1.epicgames.com/offer/4cbfe407ada24702a556b6e4d28a8800/EGS_WILDHEARTSKarakuriEdition_KOEITECMOGAMESCOLTD_Editions_S2_1200x1600-61bac598162764934f1866a0a207594a,wild hearts karakuri edition,1,1,20543,90.01000111123459
BACK4BLOODDELUXEEDITION,Back 4 Blood: Deluxe Edition,,rC3wmlzPx5zu7FG869xB1JT36T1vUlxq%2BJFwUNxSvn4%3D,25,235448,8.99,89.99,1,90.010001,0,,0,0,,1970-01-01,2026-03-30 16:15:55,10.0,https://sttc.gamersgate.com/images/product/back-4-blood-deluxe-edition/cover-180-267524.jpg,back 4 blood deluxe edition,1,1,20543,90.01000111123459
FORHONORULTIMATEEDITION,FOR HONOR  Ultimate Edition,,XrzDtG9LnyCb%2BUt5AKhZhv6FVER%2FABWQy0vPgP7Q%2FZ8%3D,25,283725,8.99,89.99,1,90.010001,0,,0,0,,1970-01-01,2026-03-30 16:05:35,10.0,https://store.ubisoft.com/dw/image/v2/ABBS_PRD/on/demandware.static/-/Sites-masterCatalog/default/dw8a5d2786/images/large/659ea86929c01c38968dce15.jpg?sw=197&amp;sh=261&amp;sm=fit,for honor ultimate edition,1,1,20543,90.01000111123459
SECRETDOCTRINE,Secret Doctrine,/game/secret-doctrine/,MKlJV9xijYKIwajbnA%2FDSSzrWmgE0ZXJItRZ63MdPDg%3D,25,261096,9.99,99.99,1,90.009001,0,,0,0,,2017-06-02,2026-03-30 16:10:09,10.0,https://cdn1.epicgames.com/spt-assets/c77de8d27b034c3f9417dc1b25292999/secret-doctrine-biyyb.png,secret doctrine,1,1,3224,90.00900090009
BACK4BLOODULTIMATEEDITION,Back 4 Blood: Ultimate Edition,,24ef1teIZx3dsMaL%2BC%2BGcNKVuA%2FwuenEMJzJZrPPD2Q%3D,25,235447,9.99,99.99,1,90.009001,0,,0,0,,1970-01-01,2026-03-30 16:15:55,10.0,https://sttc.gamersgate.com/images/product/back-4-blood-ultimate-edition/cover-180-91231d.jpg,back 4 blood ultimate edition,1,1,20543,90.00900090009
FISH,F.I.S.H.,/game/fish/,6FgBtLeVAhfRHQicVsUlIBV2YA4PmAQMbgcTakTWz3k%3D,25,227763,9.99,99.99,1,90.009001,0,Very Positive,93,190,1572270,2021-03-25,2026-03-30 16:07:32,10.0,https://shared.fastly.steamstatic.com/store_item_assets/steam/apps/1572270/capsule_231x87.jpg?t=1678492398,fish,1,1,1832,90.00900090009
NEEDFORSPEEDUNBOUNDPALACEEDITION,Need for Speed Unbound Palace Edition,,YD5X6dY7VC35XOHlwZwh2ttQJwN2S%2BFJbknbU8EhpP4%3D,25,251768,9.59,79.99,1,88.011001,0,,0,0,,1970-01-01,2026-03-30 16:11:46,10.0,https://cdn1.epicgames.com/offer/9acb0d22292b48acaeb0eb38b391df93/EGS_NeedforSpeedUnboundPalaceEdition_CriterionGames_Editions_S2_1200x1600-231caee3fd68634f994af555146e196f,need for speed unbound palace edition,1,1,20543,88.01100137517189
NEEDFORSPEEDUNBOUNDULTIMATECOLLECTION,Need for Speed Unbound Ultimate Collection,,YU1IRBM1Xv2mjenWh1MlJ7NqsnzkUA7%2Fnvp0bewJoys%3D,25,293850,12.74,84.99,1,85.010001,0,,0,0,,1970-01-01,2026-03-30 15:58:50,10.0,https://cdn1.epicgames.com/offer/9acb0d22292b48acaeb0eb38b391df93/EGS_NeedforSpeedUnboundUltimateCollection_CriterionGames_Editions_S2_1200x1600-3eead789bb8f9e85fe4ef52ff0bae843,need for speed unbound ultimate collection,1,1,20543,85.01000117660902
HOTWHEELSUNLEASHED2TURBOCHARGEDLEGENDARYEDITION,HOT WHEELS UNLEASHED 2 - Turbocharged - Legendary Edition,,ANlw1FO%2B%2FenSIEBJSGE3hjqkbsViE7pBnCiLFcY9VFM%3D,25,276159,13.49,89.99,1,85.009445,0,,0,0,,1970-01-01,2026-03-30 16:07:54,10.0,https://cdn2.unrealengine.com/egs-hotwheelsunleashed2legendaryedition-milestonesrl-editions-s2-1200x1600-da012665a17f.jpg,hot wheels unleashed 2 turbocharged legendary edition,1,1,20543,85.00944549394379
HOGWARTSLEGACYANDHARRYPOTTERQUIDDITCHCHAMPIONSDELUXEEDITIONSBUNDLE,Hogwarts Legacy and Harry Potter: Quidditch Champions Deluxe Editions Bundle,,uggFwVQw2qXNr7xKZyRSHyMKYrtq8UqiiKl4rwI2UJw%3D,25,293269,14.99,99.99,1,85.008501,0,,0,0,,1970-01-01,2026-03-30 15:59:11,10.0,https://cdn1.epicgames.com/offer/d61b4499461a4311b9d4119c327cf62e/EGS_HogwartsLegacyHarryPotterQuidditchChampionsDeluxeEditionsBundle_AvalancheSoftwareUnbrokenStudios_S2_1200x1600-d9c0ed27b0f82d20ece02dc57176820b,hogwarts legacy and harry potter quidditch champions deluxe editions bundle,1,1,20543,85.00850085008501
NHRASPEEDFORALLULTIMATEEDITION,NHRA: Speed for All - Ultimate Edition,,syEZpIi1rsbwUJ1YU1OKiLx1O3gN1Ax0ei1ANNvNsqI%3D,25,277998,15.19,79.99,1,81.010126,0,,0,0,,1970-01-01,2026-03-30 16:11:29,10.0,https://cdn1.epicgames.com/spt-assets/027a1908a28f41229751b3311ee7a4f1/nhra-championship-drag-racing--speed-for-all-1mrgs.jpg,nhra speed for all ultimate edition,1,1,20543,81.01012626578323
MARVELSMIDNIGHTSUNSDIGITALEDITION,Marvels Midnight Suns Digital Edition,,sv7yPLtdMR%2BxwHcvzIYjf54AhcbM0c00aE1InwfTTXw%3D,25,247685,15.99,79.99,1,80.010001,0,,0,0,,1970-01-01,2026-03-30 16:11:43,10.0,https://sttc.gamersgate.com/images/product/marvels-midnight-suns-digitalplus-edition-steam/cover-180-1a15a6.jpg,marvels midnight suns digital edition,1,1,20543,80.01000125015626
GOTHAMKNIGHTSDELUXE,Gotham Knights: Deluxe,,XyIIY%2BgeiJPMDHgAAFDvAWXSLba3dskyaLSZeitYbTI%3D,25,246047,15.99,79.99,1,80.010001,0,,0,0,,1970-01-01,2026-03-30 16:12:06,10.0,https://cdn.fanatical.com/production/product/400x225/f5a4b0d0-e174-4426-bbbc-a7f8444639c9.jpeg,gotham knights deluxe,1,1,20543,80.01000125015626
TINYTINASWONDERLANDSCHAOTICGREATEDITION,Tiny Tinas Wonderlands: Chaotic Great Edition,,N18WtTxkXjHNydpWrhF3wXAaiU47g5Pu8aFlZqqF9ps%3D,25,234418,15.99,79.99,1,80.010001,0,,0,0,,1970-01-01,2026-03-30 16:13:46,10.0,https://sttc.gamersgate.com/images/product/tiny-tinas-wonderlands-chaotic-great-edition-steam/cover-180-f31516.jpg,tiny tinas wonderlands chaotic great edition,1,1,20543,80.01000125015626
DEATHLOOPDELUXEEDITION,DEATHLOOP - Deluxe Edition,,Xawl0YmhYoMhH2DJWTe%2BcLDJATb3GIZmKQ2eoFSCqKU%3D,25,223359,15.99,79.99,1,80.010001,0,,0,0,,1970-01-01,2026-03-30 16:13:47,10.0,https://images.greenmangaming.com/e089d35e59904541ba7aa2e52dda6bf0/5c8a882b40444ac98aabbd77ca932418.jpg,deathloop deluxe edition,1,1,20543,80.01000125015626
GRIDLEGENDSDELUXEEDITION,GRID Legends: Deluxe Edition,/game/grid-legends-deluxe-edition/,PFPnhdS2jUUx2qVf3kpHQLzvfx%2BHcUVz%2F6H4mGzdmu4%3D,25,238027,15.99,79.99,1,80.010001,0,,0,0,,2024-06-06,2026-03-30 16:02:21,10.0,https://cdn1.epicgames.com/spt-assets/4f40b4a3b7f04bb0962d35dfe9173ba4/grid-legends-1udxc.jpg,grid legends deluxe edition,1,1,663,80.01000125015626
MARVELSMIDNIGHTSUNSLEGENDARYEDITION,Marvels Midnight Suns Legendary Edition,,GqjVpKAaPUhxKSyI5cPVJ8xctEWbgLCS5cQs946yZc4%3D,25,247664,19.99,99.99,1,80.008001,0,,0,0,,1970-01-01,2026-03-30 16:11:42,9.9,https://sttc.gamersgate.com/images/product/marvels-midnight-suns-legendary-edition-steam/cover-180-27439c.jpg,marvels midnight suns legendary edition,1,1,20543,80.00800080008001
THECREWMOTORFESTULTIMATEEDITIONYEAR2,The Crew Motorfest Ultimate Edition Year 2,,SFFMCc9j9Ppzk9mUW%2FX8T%2BwFLbM5exqbYCz2HNn%2Fp9c%3D,25,294396,19.99,99.99,1,80.008001,0,,0,0,,1970-01-01,2026-03-30 15:58:39,9.9,https://cdn1.epicgames.com/offer/9533b9db84274b15886caa464445a975/EGST_StorePortrait_1200x1600_1200x1600-2bb7be7e0f4018e7af5b7ff1e9eb29cd,the crew motorfest ultimate edition year 2,1,1,20543,80.00800080008001
EASPORTSMADDENNFL26DELUXEEDITION,EA SPORTS Madden NFL 26 Deluxe Edition,,odK4xBh0%2BLePTxJsvCti8%2BAp8eK2nG5afW2mIIy%2FrQc%3D,25,307052,19.99,99.99,1,80.008001,0,,0,0,,1970-01-01,2026-03-30 15:53:54,9.9,https://cdn1.epicgames.com/offer/321462eacf93417e8f22ff506e62792c/Maddendeluxetall_1200x1600-a86e95a2af488d5934586fad3cf883a9,ea sports madden nfl 26 deluxe edition,1,1,20543,80.00800080008001
DESTINY2THEWITCHQUEEN,Destiny 2: The Witch Queen,/game/destiny-2-the-witch-queen/,N9qFod3e6Uyqdno8n9ZqqKZsYOsXxrKKhK3qTPhUaUg%3D,25,233788,2.99,29.99,1,90.03001,86,,0,0,,2022-02-22,2026-03-30 16:12:43,9.8,https://sttc.gamersgate.com/images/product/destiny-2-the-witch-queen/cover-180-76a978.jpg,destiny 2 the witch queen,1,1,1498,90.03001000333445
ROGUELEGACY,Rogue Legacy,/game/rogue-legacy/,y09JTLQrYtr0IAO9p5%2Fz8EBTI%2F6HacXW3MQ3LXb7Azw%3D,25,99739,1.49,14.99,1,90.06004,85,Very Positive,91,10025,241600,2013-06-27,2026-03-30 16:13:43,9.8,https://shared.fastly.steamstatic.com/store_item_assets/steam/apps/241600/capsule_231x87.jpg?t=1743078622,rogue legacy,1,1,4660,90.06004002668445
HOMEWORLDREMASTEREDCOLLECTION,Homeworld Remastered Collection,/game/homeworld-remastered-collection/,QFFzRUXfVzl5lD%2BxiFRBCv8s6nhqBbWcJ1r9Feni0ho%3D,25,141243,3.49,34.99,1,90.025722,86,Very Positive,87,7693,244160,2015-02-25,2026-03-30 16:09:11,9.8,https://shared.fastly.steamstatic.com/store_item_assets/steam/apps/244160/capsule_231x87.jpg?t=1754416997,homeworld remastered collection,1,1,4052,90.02572163475278
WORLDOFWARSHIPSEPICANNIVERSARYTACHIBANAPACK,World of Warships  Epic Anniversary Tachibana Pack,,e8I4ffoceo2ZIajBBTLhDVbp9YCCYRVZmhJ0DpBD%2FLU%3D,25,317936,0.0,25.0,1,100.0,0,,0,0,,1970-01-01,2026-03-19 15:54:13,9.7,https://cdn1.epicgames.com/spt-assets/4eb4296fe40e4130a61adbf2d6b34586/world-of-warships-tll35.png,world of warships epic anniversary tachibana pack,1,12,20543,100.0
WAVETALE,Wavetale,/game/wavetale/,ijlPXrJ5vJO2%2FM2Otsoj3JBPhnZCYmad%2BOqlEbyFy6E%3D,25,254596,1.49,29.99,1,95.031677,78,Very Positive,88,1213,1823930,2022-12-12,2026-03-30 16:11:35,9.7,https://shared.fastly.steamstatic.com/store_item_assets/steam/apps/1823930/capsule_231x87.jpg?t=1759330606,wavetale,1,1,1205,95.03167722574192
MASSEFFECTLEGENDARYEDITION,Mass Effect Legendary Edition,/game/mass-effect-legendary-edition/,Vz1TTGheI1RYgP9q9xuVcEPyIexDsbsP1X%2FZPpoilXM%3D,25,225750,5.99,59.99,1,90.015003,86,Very Positive,91,39514,1328670,2021-05-14,2026-03-30 16:13:11,9.7,https://shared.fastly.steamstatic.com/store_item_assets/steam/apps/1328670/capsule_231x87.jpg?t=1765910726,mass effect legendary edition,1,1,1782,90.01500250041673
THEINNERWORLDTHELASTWINDMONK,The Inner World - The Last Wind Monk,/game/the-inner-world-the-last-wind-monk/,kro9wGIraCHaRWsyBFtZPgWhI7sf5P1NlHGXu1ymZUM%3D,25,174381,1.39,19.99,1,93.046523,79,Very Positive,88,446,613470,2017-10-20,2026-03-30 16:02:37,9.6,https://shared.fastly.steamstatic.com/store_item_assets/steam/apps/613470/capsule_231x87.jpg?t=1717679611,the inner world the last wind monk,1,1,3084,93.04652326163081
VESSELSOFDECAY,Vessels of Decay,/game/vessels-of-decay/,QEbB%2BBkdaVaGeJJZHggWXhY6tJ4EBM1MphlmRniSxs4%3D,25,304817,2.15,17.99,1,88.048916,55,Mostly Negative,35,14,1425180,2025-06-19,2026-03-30 15:54:44,9.6,https://shared.fastly.steamstatic.com/store_item_assets/steam/apps/1425180/4d1a017cb9865cb0eefc10612f3ec190979e2bc4/capsule_231x87.jpg?t=1750344905,vessels of decay,1,1,285,88.04891606448027
RAILSACROSSAMERICA,Rails Across America,/game/rails-across-america/,IKTjQBt649QfGodBUWLrh2ssSqHIesm3hdzYDYURauU%3D,25,280925,0.99,9.99,1,90.09009,81,,0,0,,2001-09-18,2026-03-30 16:06:42,9.5,https://sttc.gamersgate.com/images/product/rails-across-america/cover-180-7a02ef.jpg,rails across america,1,1,8960,90.09009009009009
PAPERCUTMANSION,Paper Cut Mansion,/game/paper-cut-mansion/,cqCT6Qlqz8q7JiEoNLzqu5NuXZqFhj88PVeOML02TtM%3D,25,252634,0.99,19.99,1,95.047524,73,Mixed,64,62,1004370,2022-10-27,2026-03-30 16:11:59,9.5,https://shared.fastly.steamstatic.com/store_item_assets/steam/apps/1004370/capsule_231x87.jpg?t=1759330913,paper cut mansion,1,1,1251,95.04752376188095
CURSEDTOGOLF,Cursed to Golf,/game/cursed-to-golf/,k7CDwaliV7WTKpHwJUpPfpQYDnmg6aeMp5aVvjKVcU8%3D,25,250082,1.99,19.99,1,90.045023,80,Mostly Positive,70,661,1726120,2022-08-18,2026-03-30 16:12:45,9.4,https://shared.fastly.steamstatic.com/store_item_assets/steam/apps/1726120/capsule_231x87.jpg?t=1759331008,cursed to golf,1,1,1321,90.04502251125564
TIMELOADER,Time Loader,/game/time-loader/,YLr7kvJ%2BNjUcfmDFs5V1Jg62%2B9scmaXUa04IoUxzARE%3D,25,226504,0.79,7.99,1,90.112641,79,Very Positive,84,364,1301950,2021-11-03,2026-03-30 16:14:54,9.4,https://shared.fastly.steamstatic.com/store_item_assets/steam/apps/1301950/capsule_231x87.jpg?t=1768579486,time loader,1,1,1609,90.11264080100125
DOLLHOUSE,Dollhouse,/game/dollhouse/,%2Fm3OgiU1JNjQsAAxERemc1NjNP8%2F00Nb3RHgdwb87Js%3D,25,201875,1.99,19.99,1,90.045023,0,Mixed,50,138,280850,2025-11-07,2026-03-30 16:14:55,9.4,https://shared.fastly.steamstatic.com/store_item_assets/steam/apps/280850/capsule_231x87.jpg?t=1762428699,dollhouse,1,1,144,90.04502251125564
FARCRY6GOLDEDITION,Far Cry 6 Gold Edition,,Eo6eu8clGpflIKirCGjCKHsLTPQT63MjdbRmFwLf8fY%3D,25,233327,24.99,99.99,1,75.007501,0,,0,0,,1970-01-01,2026-03-30 16:11:45,9.3,https://images.greenmangaming.com/7ddf07c794a6429aa389518d771b17ff/e4dee4866e5f4ac8a6127ec4207946d2.jpg,far cry 6 gold edition,1,1,20543,75.00750075007501
ASSASSINSCREEDVALHALLARAGNAROKEDITION,Assassins Creed Valhalla - Ragnarok Edition,,shCLsclMzcmTJU%2BQ1OuiOGoT9XIjUNKGfS9kcvHkfy0%3D,25,241096,24.99,99.99,1,75.007501,0,,0,0,,1970-01-01,2026-03-30 16:13:59,9.3,https://images.greenmangaming.com/200c326e025f461193c42db0cb1a8e5c/4aef9c32fe6441e2bc16d2bbd0ab3560.jpg,assassins creed valhalla ragnarok edition,1,1,20543,75.00750075007501
COMPLETEEDITION,Complete Edition,,X5lc1o3WlBWjn0l0ghZBvxFm09ySZl0Ahmx%2BgCDygKU%3D,25,271084,24.99,99.99,1,75.007501,0,,0,0,,1970-01-01,2026-03-30 16:08:47,9.3,https://cdn1.epicgames.com/offer/83d6990f16444655866b04be562bf589/EGST_StorePortrait_1200x1600_1200x1600-184707475124b89e79bb2f4c5d8aa0aa,complete edition,1,1,20543,75.00750075007501
HUMANKINDDEFINITIVEEDITION,HUMANKIND - Definitive Edition,,JwNslrO6ZAUIJ3rq572q5oR6OW0glEpDzk91U8RqSMA%3D,25,281360,24.99,99.99,1,75.007501,0,,0,0,,1970-01-01,2026-03-30 16:06:32,9.3,"https://hb.imgix.net/2aac81d9d1e1562e0d0e06eeda44fb04691a0645.jpg?auto=compress,format&fit=crop&h=84&w=135&s=05253643825f714d812ff9d64d2020f1",humankind definitive edition,1,1,20543,75.00750075007501
MENOFWARASSAULTSQUAD,Men of War: Assault Squad,/game/men-of-war-assault-squad/,gv9oypK%2FqIMO3rsUyKAUIexu9ncnoPiDUUzFlGXDRpI%3D,25,403,0.99,9.99,1,90.09009,77,Very Positive,88,1889,64000,2011-02-25,2026-03-30 16:11:39,9.3,https://shared.fastly.steamstatic.com/store_item_assets/steam/apps/64000/a69c47dd357da4460a722a1e1c7d7ba72b00d4d0/capsule_231x87.jpg?t=1773656168,men of war assault squad,1,1,5513,90.09009009009009
ROGUEBOOK,Roguebook,/game/roguebook/,AzLf3kj%2B4ivf0%2BGn4K%2BgE0CRQV7khGCHsC9MzLR3fyw%3D,25,225769,2.49,24.99,1,90.036014,78,Very Positive,85,1846,1076200,2021-06-17,2026-03-30 16:15:01,9.3,https://shared.fastly.steamstatic.com/store_item_assets/steam/apps/1076200/capsule_231x87.jpg?t=1764149292,roguebook,1,1,1748,90.03601440576232
AWAYOUT,A Way Out,/game/a-way-out/,7NH%2Ft5cINusojlFtbWVUKbs6hY1T3gyt9QzJYfO%2F%2FeI%3D,25,176067,2.99,29.99,1,90.03001,78,Very Positive,88,24766,1222700,2018-03-23,2026-03-30 16:04:36,9.2,https://shared.fastly.steamstatic.com/store_item_assets/steam/apps/1222700/capsule_231x87.jpg?t=1730912036,a way out,1,1,2930,90.03001000333445
DEADSPACE,Dead Space,/game/dead-space/,IZTv4MDBJpzBV0rpqS22LGkNKSHlCD5y4zBZoJsfts8%3D,25,272,8.99,59.99,1,85.014169,87,Very Positive,90,29359,1693980,2023-01-27,2026-03-30 16:11:24,9.2,https://shared.fastly.steamstatic.com/store_item_assets/steam/apps/1693980/capsule_231x87.jpg?t=1769464545,dead space,1,1,1159,85.01416902817137
HOMEWORLDDESERTSOFKHARAK,Homeworld: Deserts of Kharak,/game/homeworld-deserts-of-kharak/,ufr0E5nS2f6%2B1%2FFL%2B%2BacG1zU4QB6GxrRlaaVUVnHZbU%3D,25,147543,4.99,49.99,1,90.018004,79,Mostly Positive,78,5252,281610,2016-01-20,2026-03-30 16:08:48,9.2,https://shared.fastly.steamstatic.com/store_item_assets/steam/apps/281610/capsule_231x87.jpg?t=1754416775,homeworld deserts of kharak,1,1,3723,90.01800360072014
TOGETHERAFTERDARK,Together After Dark,/game/together-after-dark/,Bd3jnETmJJx6uoXgpFHzYvZSXEvC5NjekI7EbCcNcRc%3D,25,288503,0.0,2.99,1,100.0,0,Mixed,59,249,2708790,2025-01-19,2026-03-30 23:31:38,9.2,https://shared.fastly.steamstatic.com/store_item_assets/steam/apps/2708790/b159def02fbf4dc16c7f8da3d324443911a3700c/capsule_231x87.jpg?t=1773344888,together after dark,1,0,436,100.0
KINGSBOUNTYARMOREDPRINCESS,King's Bounty: Armored Princess,/game/kings-bounty-armored-princess/,%2B01cyq4%2BPBH4at45L1iiRXDMI1JX5hiEuI%2BCutlXdxQ%3D,25,469,1.49,9.99,1,85.085085,82,Very Positive,91,1066,3170,2009-11-19,2026-03-30 16:13:52,9.2,https://shared.fastly.steamstatic.com/store_item_assets/steam/apps/3170/3743302f7350d1fc53f377a6cf6fe7d1b59b7849/capsule_231x87.jpg?t=1770999981,kings bounty armored princess,1,1,5976,85.08508508508508
DEPONIADOOMSDAY,Deponia Doomsday,/game/deponia-doomsday/,BIik6kchVa1F3Dt33kNO%2FhMesI1NWoNBRwboNAMXtyo%3D,25,150170,1.99,19.99,1,90.045023,76,Mostly Positive,79,934,421050,2016-03-01,2026-03-30 16:12:53,9.2,https://shared.fastly.steamstatic.com/store_item_assets/steam/apps/421050/capsule_231x87.jpg?t=1734630557,deponia doomsday,1,1,3682,90.04502251125564
THESURGE2,The Surge 2,/game/the-surge-2/,lYM%2ByIh0R6RVBHxxdAmZ%2FabNM5voM8J6b%2FR3dTSRclM%3D,25,202170,2.99,29.99,1,90.03001,76,Very Positive,80,3111,644830,2019-09-23,2026-03-30 16:12:46,9.1,https://shared.fastly.steamstatic.com/store_item_assets/steam/apps/644830/capsule_231x87.jpg?t=1727794351,the surge 2,1,1,2381,90.03001000333445
DECEIVEINC,Deceive Inc.,/game/deceive-inc/,Tg7sxMt4bXeuSrflI1uOXan2mPm7E5aD6krFAoaEDFk%3D,25,256950,1.99,19.99,1,90.045023,75,Very Positive,85,3685,820520,2023-03-21,2026-03-30 16:10:52,9.1,https://shared.fastly.steamstatic.com/store_item_assets/steam/apps/820520/capsule_231x87.jpg?t=1709320483,deceive inc,1,1,1106,90.04502251125564
SHERLOCKHOLMESCHAPTERONE,Sherlock Holmes: Chapter One,/game/sherlock-holmes-chapter-one/,GFXwAHX64oRWjjNh48hFg%2FrFYeL7O7lBt2CgmORJWGU%3D,25,216305,4.49,44.99,1,90.020004,77,Mostly Positive,75,1579,1137300,2021-11-16,2026-03-30 16:14:47,9.1,https://shared.fastly.steamstatic.com/store_item_assets/steam/apps/1137300/capsule_231x87.jpg?t=1758522920,sherlock holmes chapter one,1,1,1596,90.0200044454323
DEUSEXMANKINDDIVIDED,Deus Ex: Mankind Divided,/game/deus-ex-mankind-divided/,Z4e8jYg6bGMIad%2BLS9e%2FLFvnIE9R0wUUOWaPG%2BsiaZQ%3D,25,143165,4.49,29.99,1,85.028343,83,Mostly Positive,75,16190,337000,2016-08-23,2026-03-30 16:06:57,9.1,https://shared.fastly.steamstatic.com/store_item_assets/steam/apps/337000/96fc2a82c1820c77aae26304c62388841c2a93be/capsule_231x87.jpg?t=1763675007,deus ex mankind divided,1,1,3507,85.02834278092698
MOTOGP25,MotoGP25,/game/motogp-25/,ni%2Fmz2Qc2nw6Hlr7wL6ghV9ouAerF7shOly3uBmU8y8%3D,25,302182,11.99,59.99,1,80.013336,78,Mostly Positive,72,428,3077390,2025-04-30,2026-03-30 15:55:59,9.1,https://shared.fastly.steamstatic.com/store_item_assets/steam/apps/3077390/973ec51245c188902bd8510ebaadc02c03f4a7a1/capsule_231x87.jpg?t=1753692631,motogp25,1,1,335,80.01333555592598
KAZEANDTHEWILDMASKS,Kaze and the Wild Masks,/game/kaze-and-the-wild-masks/,2hv1c46DMUaAlLrMt%2BHKliD3eejFIupdLckmEqSptRo%3D,25,227775,2.99,19.99,1,85.042521,82,Very Positive,93,1818,829280,2021-03-26,2026-03-30 16:07:21,9.1,https://shared.fastly.steamstatic.com/store_item_assets/steam/apps/829280/capsule_231x87.jpg?t=1751537005,kaze and the wild masks,1,1,1831,85.04252126063032
WARRIORKINGS,Warrior Kings,/game/warrior-kings/,kqT2mLyQQio04cmClhmlZoy2DTwwpxJK6d1BkauA6dE%3D,25,108710,0.49,4.99,1,90.180361,73,Mostly Positive,78,105,297570,2002-04-13,2026-03-30 16:11:35,9.1,https://shared.fastly.steamstatic.com/store_item_assets/steam/apps/297570/capsule_231x87.jpg?t=1759954397,warrior kings,1,1,8753,90.18036072144288
BIPED,Biped,/game/biped/,44z10Uf%2BfmWcK%2Fmp%2Fizs7DrykdHRgi6t5cTmVcXO1Ts%3D,25,211721,1.49,14.99,1,90.06004,74,Very Positive,89,1658,1071870,2020-03-26,2026-03-30 16:10:31,9.1,https://shared.fastly.steamstatic.com/store_item_assets/steam/apps/1071870/55167b258ab54819d0c06c9ff904af28ab86173c/capsule_231x87.jpg?t=1770134412,biped,1,1,2196,90.06004002668445
ITTAKESTWO,It Takes Two,/game/it-takes-two/,V7nswbdfNqG0wP5Rj0vrikJyAA2MtHfplBkaV4O8w0M%3D,25,223989,7.99,39.99,1,80.020005,89,Overwhelmingly Positive,95,45992,1426210,2021-03-26,2026-03-30 16:13:13,9.1,https://shared.fastly.steamstatic.com/store_item_assets/steam/apps/1426210/capsule_231x87.jpg?t=1763484491,it takes two,1,1,1831,80.02000500125031
MENOFWAR,Men of War,/game/men-of-war/,EkIeXje2LR3iFinKe762oXoK6X6JOY%2F8xaBPjb1HJoc%3D,25,441,0.74,4.99,1,85.170341,80,Very Positive,85,1240,7830,2009-03-16,2026-03-30 16:11:39,9.1,https://shared.fastly.steamstatic.com/store_item_assets/steam/apps/7830/8195a994ddab81a64669f5f51baf47a9da81fe63/capsule_231x87.jpg?t=1773656028,men of war,1,1,6224,85.17034068136272
IL2STURMOVIK1946,IL-2 Sturmovik: 1946,/game/il-2-sturmovik-1946/,zBwJgd6yJfgITwsQFACxI34MXXxpEX%2Ba4L6eyTT6UuU%3D,25,287,1.99,9.99,1,80.08008,86,Very Positive,87,1651,15320,2007-03-13,2026-03-30 16:09:37,9.1,https://shared.fastly.steamstatic.com/store_item_assets/steam/apps/15320/0b352d1677737c25ad5754371a6052e3960b6e97/capsule_231x87.jpg?t=1773655945,il2 sturmovik 1946,1,1,6958,80.08008008008008
ANNASQUEST,Anna's Quest,/game/annas-quest/,Tl5idX01NtbV7ypIae3hulqdaYkcS16YC3IgaskY%2F%2F0%3D,25,144487,1.99,19.99,1,90.045023,74,Very Positive,87,1766,327220,2015-07-02,2026-03-30 16:11:23,9.1,https://shared.fastly.steamstatic.com/store_item_assets/steam/apps/327220/capsule_231x87.jpg?t=1734992194,annas quest,1,1,3925,90.04502251125564
FARCRY6GAMEOFTHEYEAREDITION,Far Cry 6 - Game of the Year Edition,,2uUls1048nV65Lfv6D2Q2SV6pUUkZbBHUCcjwDMzipk%3D,25,251813,29.99,119.99,1,75.006251,0,,0,0,,1970-01-01,2026-03-30 16:11:45,9.1,https://images.greenmangaming.com/290f863e6b6e47e6b4fabe532bcbfc4b/c6442d8996044bdfacf78dfaf32fe21e.jpg,far cry 6 game of the year edition,1,1,20543,75.00625052087673
IRONDANGER,Iron Danger,/game/iron-danger/,vRdY%2B0v3X75vMfDmbdPUpGb5%2BdlUvmhn8EPOPGhjj9g%3D,25,212422,1.99,19.99,1,90.045023,73,Mostly Positive,73,531,899310,2020-03-25,2026-03-30 16:14:19,9.0,https://shared.fastly.steamstatic.com/store_item_assets/steam/apps/899310/capsule_231x87.jpg?t=1759323578,iron danger,1,1,2197,90.04502251125564
KINGSBOUNTYTHELEGEND,King's Bounty: The Legend,/game/kings-bounty-the-legend/,msPpL6KMFiDXY4RoFpGd8MH9OnGr8oYV7Y94kJN2xb0%3D,25,658,1.04,6.99,1,85.121602,79,Very Positive,85,939,25900,2008-09-23,2026-03-30 16:13:54,9.0,https://shared.fastly.steamstatic.com/store_item_assets/steam/apps/25900/060cb16925874f30d19ca6208757f4abdc7f1cf8/capsule_231x87.jpg?t=1774878417,kings bounty the legend,1,1,6398,85.12160228898426
THEINNERWORLD,The Inner World,/game/the-inner-world/,Ny7ZGnAhjxbpjq4vIqZa6ApNI9%2F39myh%2B8wcKsuz1Ek%3D,25,101835,1.49,14.99,1,90.06004,72,Very Positive,87,897,251430,2013-09-27,2026-03-30 16:04:45,9.0,https://shared.fastly.steamstatic.com/store_item_assets/steam/apps/251430/capsule_231x87.jpg?t=1717679220,the inner world,1,1,4568,90.06004002668445
NICKELODEONALLSTARBRAWL,Nickelodeon All-Star Brawl,/game/nickelodeon-all-star-brawl/,YHCYqrJ%2Bn8KKbtPI4ZHBOsULvJJNO6wGRUhDfCmE2r4%3D,25,235398,2.49,49.99,1,95.019004,63,Mostly Positive,75,3650,1414850,2021-10-05,2026-03-30 16:11:07,9.0,https://shared.fastly.steamstatic.com/store_item_assets/steam/apps/1414850/capsule_231x87.jpg?t=1746026335,nickelodeon allstar brawl,1,1,1638,95.01900380076015
BEHOLDER,Beholder,/game/beholder/,382QVX%2F5sHn6pVKspCuK%2FneRaBOw3U2fEl6qD2JNz14%3D,25,158740,1.67,13.99,1,88.062902,75,Very Positive,81,3015,475550,2016-11-09,2026-03-30 15:58:41,9.0,https://shared.fastly.steamstatic.com/store_item_assets/steam/apps/475550/capsule_231x87.jpg?t=1773119808,beholder,1,1,3429,88.06290207290922
THESERPENTROGUE,The Serpent Rogue,/game/the-serpent-rogue/,HG6%2FZ9NqeecW1bZ2Rd71nfraGh0rCP%2FpmybxL6%2B7RBY%3D,25,243231,1.99,19.99,1,90.045023,72,Mixed,64,138,1453790,2022-04-26,2026-03-30 15:57:42,9.0,https://shared.fastly.steamstatic.com/store_item_assets/steam/apps/1453790/capsule_231x87.jpg?t=1762939987,the serpent rogue,1,1,1435,90.04502251125564
WHITESHADOWS,White Shadows,/game/white-shadows/,YccQI6Ko5cg9aCMjcdcscZGjEDJsG2RljtTU9urMzjE%3D,25,238129,1.99,19.99,1,90.045023,71,Very Positive,81,1664,1158890,2021-12-07,2026-03-30 16:13:42,9.0,https://shared.fastly.steamstatic.com/store_item_assets/steam/apps/1158890/capsule_231x87.jpg?t=1759331252,white shadows,1,1,1575,90.04502251125564
LIFEOFDELTA,Life of Delta,/game/life-of-delta/,bmnzlCVMDE7X%2BJQLIxn72DU%2FMB06kUDzSw5gWkBFEec%3D,25,258043,1.99,19.99,1,90.045023,71,Mixed,67,109,1376760,2023-03-13,2026-03-30 16:10:57,9.0,https://shared.fastly.steamstatic.com/store_item_assets/steam/apps/1376760/capsule_231x87.jpg?t=1751469679,life of delta,1,1,1114,90.04502251125564
STYXMASTEROFSHADOWS,Styx: Master of Shadows,/game/styx-master-of-shadows/,%2Fr%2BSkTYRCCdiWqngQ1iLOq2Mxf594YesKCd2q2Em658%3D,25,127567,1.99,19.99,1,90.045023,71,Very Positive,81,4151,242640,2014-10-07,2026-03-30 15:50:19,9.0,https://shared.fastly.steamstatic.com/store_item_assets/steam/apps/242640/capsule_231x87.jpg?t=1768301777,styx master of shadows,1,1,4193,90.04502251125564
ALBAAWILDLIFEADVENTURE,Alba: A Wildlife Adventure,/game/alba-a-wildlife-adventure/,Cqux00o3gFPwJDCh%2B9HeMunE%2Bn4Zyo7WZkfIS1zDP18%3D,25,223991,2.54,16.99,1,85.050029,79,Overwhelmingly Positive,97,3022,1337010,2020-12-11,2026-03-30 16:11:53,9.0,https://shared.fastly.steamstatic.com/store_item_assets/steam/apps/1337010/capsule_231x87.jpg?t=1765899835,alba a wildlife adventure,1,1,1936,85.05002942907593
TOURDEFRANCE2023,Tour de France 2023,/game/tour-de-france-2023/,pwQ%2FHl4LyfMubpKelohZkGkJM09AhoFKyPheV91zvtc%3D,25,263674,3.99,39.99,1,90.022506,73,Very Positive,82,103,2062690,2023-06-08,2026-03-30 16:09:11,9.0,https://shared.fastly.steamstatic.com/store_item_assets/steam/apps/2062690/capsule_231x87.jpg?t=1764149581,tour de france 2023,1,1,1027,90.0225056264066
SUBCOMMAND,Sub Command,/game/sub-command/,NCtL%2BHEOql7fUntbNXRmfwouc6QVc74tvyYm2gYlroI%3D,25,447,1.99,9.99,1,80.08008,84,Mostly Positive,74,131,2920,2001-09-12,2026-03-30 16:13:00,8.9,https://shared.fastly.steamstatic.com/store_item_assets/steam/apps/2920/capsule_231x87.jpg?t=1759953566,sub command,1,1,8966,80.08008008008008
MORBIDTHESEVENACOLYTES,Morbid: The Seven Acolytes,/game/morbid-the-seven-acolytes/,lp7pchU7X%2BpIs3z0PR9d4DHaaas%2B%2FOdrZ96oGM1QYv0%3D,25,223309,2.49,24.99,1,90.036014,71,Mostly Positive,74,919,1140890,2020-12-03,2026-03-30 15:59:38,8.9,https://shared.fastly.steamstatic.com/store_item_assets/steam/apps/1140890/capsule_231x87.jpg?t=1738068071,morbid the seven acolytes,1,1,1944,90.03601440576232
MENOFWARREDTIDE,Men of War: Red Tide,/game/men-of-war-red-tide/,CemqkMP6AAoXn2O2l5UQXauoCcpjdaekmYHx4ZN9l7k%3D,25,713,0.74,4.99,1,85.170341,77,Very Positive,86,741,3130,2009-11-01,2026-03-30 16:11:40,8.9,https://shared.fastly.steamstatic.com/store_item_assets/steam/apps/3130/b4d49b0f8325b9720826a276e6c460629fe6352d/capsule_231x87.jpg?t=1773656494,men of war red tide,1,1,5994,85.17034068136272
ALANWAKEREMASTERED,Alan Wake Remastered,/game/alan-wake-remastered/,rcojZMCCEjsIs5C4iPRemAvRbXZt5MsqL%2BZT3rCiU9o%3D,25,234438,4.49,29.99,1,85.028343,80,,0,0,,2021-10-05,2026-03-30 16:15:58,8.9,https://images.greenmangaming.com/ecb42a4adbc848199245a254b4e56eec/adb001f461fa4c069dee39bb87dadaa0.jpg,alan wake remastered,1,1,1638,85.02834278092698
MARVELSMIDNIGHTSUNS,Marvels Midnight Suns,/game/marvels-midnight-suns/,lk25VVQsXwbrrYpFT9ATcY9qbUHHrNKNabl%2BomJdiP4%3D,25,247663,8.99,59.99,1,85.014169,83,Very Positive,83,11283,368260,2022-12-02,2026-03-30 16:11:44,8.9,https://shared.fastly.steamstatic.com/store_item_assets/steam/apps/368260/capsule_231x87.jpg?t=1732138093,marvels midnight suns,1,1,1215,85.01416902817137
DISHONORED2,Dishonored 2,/game/dishonored-2/,eToyKl7gJqaIgmZSiggoknF6P1bgsgTXWIHQmUeiHwU%3D,25,153782,5.99,29.99,1,80.026676,86,Very Positive,88,19269,403640,2016-11-10,2026-03-30 16:11:55,8.9,https://shared.fastly.steamstatic.com/store_item_assets/steam/apps/403640/capsule_231x87.jpg?t=1750785918,dishonored 2,1,1,3428,80.02667555851951
KINGSBOUNTYCROSSWORLDS,King's Bounty: Crossworlds,/game/kings-bounty-crossworlds/,Ikk7FqlqmxrlVPyoJM8u8PNuc2PvFjXpHtVCltlwKGs%3D,25,582,2.24,14.99,1,85.056704,78,Very Positive,91,1278,63910,2010-09-17,2026-03-30 16:13:09,8.9,https://shared.fastly.steamstatic.com/store_item_assets/steam/apps/63910/4009ebba9fad9f1c570df571c654eb9ce1a7afec/capsule_231x87.jpg?t=1770997210,kings bounty crossworlds,1,1,5674,85.05670446964643
SHERLOCKHOLMESTHEAWAKENED,Sherlock Holmes The Awakened,/game/sherlock-holmes-the-awakened/,KilayWT0pkxFDbWiG80V0O4%2BsUSTAs9pXZzM4RoOAiE%3D,25,250665,3.99,39.99,1,90.022506,72,Very Positive,82,1012,1949030,2023-04-11,2026-03-30 16:10:37,8.9,https://shared.fastly.steamstatic.com/store_item_assets/steam/apps/1949030/capsule_231x87.jpg?t=1758522954,sherlock holmes the awakened,1,1,1085,90.0225056264066
MEDITERRANEAINFERNO,Mediterranea Inferno,/game/mediterranea-inferno/,mV2xk8pAcGbQxbBzXw1QbfkMVZh7AEkj0o7Wvmx%2Bdx8%3D,25,271059,2.99,14.99,1,80.053369,84,Very Positive,97,224,2103680,2023-08-24,2026-03-30 16:06:50,8.9,https://shared.fastly.steamstatic.com/store_item_assets/steam/apps/2103680/capsule_231x87.jpg?t=1727787632,mediterranea inferno,1,1,950,80.0533689126084
INERTIALDRIFT,Inertial Drift,/game/inertial-drift/,hSo62aI2fg8Rn8vG6GJnVhxopUo5poh09aN555gl4sw%3D,25,220415,4.99,19.99,1,75.037519,89,Very Positive,84,1275,1184480,2020-09-11,2026-03-30 16:15:57,8.9,https://shared.fastly.steamstatic.com/store_item_assets/steam/apps/1184480/capsule_231x87.jpg?t=1737474820,inertial drift,1,1,2027,75.03751875937968
ASSASSINSCREEDVALHALLACOMPLETEEDITION,Assassins Creed Valhalla - Complete Edition,,HbsH1GcqtM3j4eadaOC1rcBG7eIHDn3qm91VZ70U7P8%3D,25,241097,34.99,139.99,1,75.005358,0,,0,0,,1970-01-01,2026-03-30 16:13:59,8.9,https://images.greenmangaming.com/2c00020f66ba4b389d796a2aed7c998b/874f41163d094c3db81e08785f4a7190.jpg,assassins creed valhalla complete edition,1,1,20543,75.00535752553753
TIMEONFROGISLAND,Time on Frog Island,/game/time-on-frog-island/,fvcWPXyCM5hNinreWGXj0Cza%2FpM38XqfgujD%2FOqJPzw%3D,25,246914,2.99,19.99,1,85.042521,77,Mostly Positive,71,263,1717510,2022-07-12,2026-03-30 16:12:58,8.8,https://shared.fastly.steamstatic.com/store_item_assets/steam/apps/1717510/capsule_231x87.jpg?t=1762864561,time on frog island,1,1,1358,85.04252126063032
SOURCEOFMADNESS,Source of Madness,/game/source-of-madness/,G3rXgAkYcsd3R1tzscsu%2BwBlBZFooPjCHvlOkhVfUNI%3D,25,234903,1.99,19.99,1,90.045023,67,Mostly Positive,70,1352,1315610,2022-05-11,2026-03-30 16:12:13,8.8,https://shared.fastly.steamstatic.com/store_item_assets/steam/apps/1315610/capsule_231x87.jpg?t=1759331079,source of madness,1,1,1420,90.04502251125564
SHATTEREDTALEOFTHEFORGOTTENKING,Shattered - Tale of the Forgotten King,/game/shattered-tale-of-the-forgotten-king/,OOGyze3thPzy%2F08FaEvJ6U%2BQLORMnIlwFrFcKSngJ04%3D,25,202189,2.99,29.99,1,90.03001,68,Mixed,67,583,1045180,2021-02-17,2026-03-30 16:13:34,8.8,https://shared.fastly.steamstatic.com/store_item_assets/steam/apps/1045180/capsule_231x87.jpg?t=1768227125,shattered tale of the forgotten king,1,1,1868,90.03001000333445
VAMBRACECOLDSOUL,Vambrace: Cold Soul,/game/vambrace-cold-soul/,CocI%2FdVBRn6YMdrhwGukColsTWC15YVl0IVfsj1aOM4%3D,25,200759,1.74,24.99,1,93.037215,59,Mixed,65,684,904380,2019-05-28,2026-03-30 15:57:12,8.8,https://shared.fastly.steamstatic.com/store_item_assets/steam/apps/904380/capsule_231x87.jpg?t=1721908243,vambrace cold soul,1,1,2499,93.03721488595438
TOMCLANCYSSPLINTERCELLPANDORATOMORROW,Tom Clancys Splinter Cell Pandora Tomorrow,/game/tom-clancys-splinter-cell-pandora-tomorrow/,0baq7pyGfPZwDF%2Fe4SSgj0l23%2FtSYR0bYAaiJ7Nq7Ho%3D,25,310109,2.49,9.99,1,75.075075,87,Mostly Positive,74,436,3929740,2004-03-23,2026-03-30 15:52:38,8.8,https://shared.fastly.steamstatic.com/store_item_assets/steam/apps/3929740/97d34cff0fd95c6cd325b1e0b8cfa54a0262c23a/capsule_231x87.jpg?t=1764699227,tom clancys splinter cell pandora tomorrow,1,1,8043,75.07507507507508
ADINFINITUM,Ad Infinitum,/game/ad-infinitum/,wTEh7mFFdOwfII5gRN03BXQnh6UTGD1D%2BrEIiVSbpHk%3D,25,265819,3.49,34.99,1,90.025722,68,Mostly Positive,77,777,1234430,2023-09-14,2026-03-30 16:08:34,8.8,https://shared.fastly.steamstatic.com/store_item_assets/steam/apps/1234430/capsule_231x87.jpg?t=1764149283,ad infinitum,1,1,929,90.02572163475278
WARHOSPITAL,War Hospital,/game/war-hospital/,pQuDFPyJh1vvsDgdDxszDf2WbvI7SBZvqmIdeBA4Xpo%3D,25,279822,2.99,29.99,1,90.03001,67,Mixed,59,936,1553000,2024-01-11,2026-03-30 16:06:34,8.8,https://shared.fastly.steamstatic.com/store_item_assets/steam/apps/1553000/capsule_231x87.jpg?t=1764149578,war hospital,1,1,810,90.03001000333445
TRINE3THEARTIFACTSOFPOWER,Trine 3: The Artifacts of Power,/game/trine-3-the-artifacts-of-power/,qW6pGSQKfAkfYTyeohyk%2FmBGy0uVthZdJccuqplYLIc%3D,25,143318,2.19,19.99,1,89.044522,68,Mixed,60,2410,319910,2015-08-20,2026-03-30 15:50:29,8.8,https://shared.fastly.steamstatic.com/store_item_assets/steam/apps/319910/d7a9a4e44e7d4c295197e68d0f30fdeabebb1018/capsule_231x87.jpg?t=1725007208,trine 3 the artifacts of power,1,1,3876,89.04452226113055
DESTINY2THEFINALSHAPE,Destiny 2: The Final Shape,/game/destiny-2-the-final-shape/,KbnBFxdKXWYbNjWhGTa9j5Pn7e4glbvnY99hz%2BL721c%3D,25,270867,7.49,29.99,1,75.025008,89,,0,0,,2024-06-04,2026-03-30 16:04:01,8.8,https://sttc.gamersgate.com/images/product/destiny-2-the-final-shape/cover-180-cccf3a.jpg,destiny 2 the final shape,1,1,665,75.02500833611204
FIREUNGHSQUEST,Fire: Unghs Quest,/game/fire-unghs-quest/,spK%2ByjmOgW%2FFyl2PK4l14lW6PtlvSAR9cILZeJG6uys%3D,25,228428,0.99,9.99,1,90.09009,64,Very Positive,86,465,325520,2015-01-06,2026-03-30 16:11:31,8.8,https://shared.fastly.steamstatic.com/store_item_assets/steam/apps/325520/capsule_231x87.jpg?t=1591885179,fire unghs quest,1,1,4102,90.09009009009009
LEGENDOFGRIMROCK,Legend of Grimrock,/game/legend-of-grimrock/,xobxhPP2tqwd5vXYEhSa9%2FtaxTYvraCglBanq0OU7yQ%3D,25,86898,2.99,14.99,1,80.053369,82,Very Positive,92,3272,207170,2012-04-11,2026-03-30 16:14:58,8.7,https://shared.fastly.steamstatic.com/store_item_assets/steam/apps/207170/capsule_231x87.jpg?t=1447355394,legend of grimrock,1,1,5102,80.0533689126084
DEATHLOOP,DEATHLOOP,/game/deathloop/,9lcvTXQj2ZGRjg77rnUXYJyfKtfkZBxQHAsUPSWHQEo%3D,25,223059,11.99,59.99,1,80.013336,87,Mostly Positive,76,12058,1252330,2021-09-14,2026-03-30 16:13:47,8.7,https://shared.fastly.steamstatic.com/store_item_assets/steam/apps/1252330/capsule_231x87.jpg?t=1750785409,deathloop,1,1,1659,80.01333555592598
DESTINY2LIGHTFALL,Destiny 2: Lightfall,/game/destiny-2-lightfall/,YoRtLyLIHrrz2%2FwXoOR5WP6jMOeXWKwiq2WAqwpxaEY%3D,25,250245,2.99,29.99,1,90.03001,66,,0,0,,2023-02-28,2026-03-30 16:11:06,8.7,https://sttc.gamersgate.com/images/product/destiny-2-lightfall/cover-180-deee9c.jpg,destiny 2 lightfall,1,1,1127,90.03001000333445
DEATHTOSPIESMOMENTOFTRUTH,Death to Spies: Moment of Truth,/game/death-to-spies-moment-of-truth/,4bIW%2ByyryUO3ygH8Bw0489qsYl5vNcdJXkPs3MRAQLQ%3D,25,1155,1.04,6.99,1,85.121602,73,Very Positive,85,404,34410,2009-08-07,2026-03-30 16:10:16,8.7,https://shared.fastly.steamstatic.com/store_item_assets/steam/apps/34410/57f2502d8b5359d205bb55da09098b2bab1fa8f9/capsule_231x87.jpg?t=1759140467,death to spies moment of truth,1,1,6080,85.12160228898426
STEELRISING,Steelrising,/game/steelrising/,wdhsJ0vTzKrLlpaiGbohf7okCPHeaYau08i0%2B4ngXg0%3D,25,247590,4.99,49.99,1,90.018004,68,Mostly Positive,74,1607,1283400,2022-09-08,2026-03-30 16:12:30,8.7,https://shared.fastly.steamstatic.com/store_item_assets/steam/apps/1283400/capsule_231x87.jpg?t=1764149288,steelrising,1,1,1300,90.01800360072014
MONSTERENERGYSUPERCROSS25XMONSTERJAMSHOWDOWNDIRTMASTEREDITION,Monster Energy Supercross 25 X Monster Jam Showdown - Dirt Master Edition,,GNWt4Czda9lXKODZTtzl%2Bhml70Yyy07tQICOByIoZ40%3D,25,300041,29.99,99.99,1,70.007001,0,,0,0,,1970-01-01,2026-03-30 15:56:19,8.7,https://cdn1.epicgames.com/offer/cfd16bed86124e03aaf650c1ddce531f/EGS_MonsterEnergySupercross25XMonsterJamShowdownDirtMasterEdition_MilestoneSrl_S2_1200x1600-90b75268cbdbe9abecb21a4501d92aab,monster energy supercross 25 x monster jam showdown dirt master edition,1,1,20543,70.00700070007001
UBERSOLDIERII,Ubersoldier II,/game/ubersoldier-ii/,yF1gAOr05Rmx5FxgkujvTNDsKB6%2BD%2BzRswkpN1YmapM%3D,25,107895,0.99,9.99,1,90.09009,62,Mostly Positive,77,522,281410,2008-07-22,2026-03-30 16:05:17,8.7,https://shared.fastly.steamstatic.com/store_item_assets/steam/apps/281410/capsule_231x87.jpg?t=1748726961,ubersoldier ii,1,1,6461,90.09009009009009
THESUICIDEOFRACHELFOSTER,The Suicide of Rachel Foster,/game/the-suicide-of-rachel-foster/,Oq7Oiu%2BzIv3%2BCDnqDAhCwUpuRq4FnNxkwc9llAcGH94%3D,25,207827,1.79,17.99,1,90.050028,63,Mixed,62,2658,1057750,2020-02-19,2026-03-30 16:13:20,8.7,https://shared.fastly.steamstatic.com/store_item_assets/steam/apps/1057750/capsule_231x87.jpg?t=1760119863,the suicide of rachel foster,1,1,2232,90.05002779321846
FLEETCOMMAND,Fleet Command,,KwhRYt3m7nZH2x4IhHeDaq5VSrlRYa7uoL3ZpLkq8z0%3D,25,1271,1.99,9.99,1,80.08008,80,Very Positive,87,454,2910,1970-01-01,2026-03-30 16:11:41,8.7,https://shared.fastly.steamstatic.com/store_item_assets/steam/apps/2910/capsule_231x87.jpg?t=1759951826,fleet command,1,1,20543,80.08008008008008
SUPERMAGBOT,Super Magbot,/game/super-magbot/,kWipbywJrHUnnbjcpYXJgrfppndHCtbfh%2BnDkUNlK%2FM%3D,25,231293,1.99,9.99,1,80.08008,80,Very Positive,88,193,1205170,2021-06-22,2026-03-30 15:57:56,8.7,https://shared.fastly.steamstatic.com/store_item_assets/steam/apps/1205170/capsule_231x87.jpg?t=1763038238,super magbot,1,1,1743,80.08008008008008
NOCTURNAL,Nocturnal,/game/nocturnal/,1xZ%2B00QiUP6hhpFLRmxwTLM75gg7z0nWMsCnikbHHBo%3D,25,264052,3.39,16.99,1,80.047087,81,Very Positive,90,410,1634080,2023-06-07,2026-03-30 16:09:52,8.7,https://shared.fastly.steamstatic.com/store_item_assets/steam/apps/1634080/capsule_231x87.jpg?t=1774016950,nocturnal,1,1,1028,80.04708652148322
ENDLINGEXTINCTIONISFOREVER,Endling - Extinction is Forever,/game/endling-extinction-is-forever/,Zy7hwrtnfgRy4EdsWz8UHQ0KbKQH9buxrhZdQAGZKYQ%3D,25,247373,4.49,29.99,1,85.028343,75,Very Positive,94,1427,898890,2022-07-19,2026-03-30 16:12:54,8.7,https://shared.fastly.steamstatic.com/store_item_assets/steam/apps/898890/0f7ba6410d72db38cb2c2b12ec6e531d90dbecd8/capsule_231x87.jpg?t=1770282495,endling extinction is forever,1,1,1351,85.02834278092698
LEGOBRICKTALES,LEGO Bricktales,/game/lego-bricktales/,xivvqnxPgSgm4qamClGnxXqJkAYoANXpqNL97proejU%3D,25,252072,4.49,29.99,1,85.028343,75,Very Positive,83,1741,1898290,2022-10-12,2026-03-30 16:12:13,8.7,https://shared.fastly.steamstatic.com/store_item_assets/steam/apps/1898290/capsule_231x87.jpg?t=1759330526,lego bricktales,1,1,1266,85.02834278092698
TRINE4DEFINITIVEEDITION,Trine 4: Definitive Edition,/game/trine-4-definitive-edition/,juG7OltIi2zfAk06liD2eZhdB%2F82fXI5N30ig%2BI9AJs%3D,25,314017,6.99,34.99,1,80.022864,0,,0,0,,2025-12-31,2026-03-30 15:50:29,8.6,https://cdn1.epicgames.com/spt-assets/b61d8ed9ff724cfe969ee79b41e604a5/trine-4-definitive-edition-dgmy9.jpg,trine 4 definitive edition,1,1,90,80.02286367533581
STYGIANREIGNOFTHEOLDONES,Stygian: Reign of the Old Ones,/game/stygian-reign-of-the-old-ones/,r2TjKCNlkVslRtejorW1K2T4OhTdNgWOzepVp9oVw9M%3D,25,204698,3.99,19.99,1,80.04002,81,Mixed,65,1782,779290,2019-09-26,2026-03-30 16:13:54,8.6,https://shared.fastly.steamstatic.com/store_item_assets/steam/apps/779290/capsule_231x87.jpg?t=1760104354,stygian reign of the old ones,1,1,2378,80.040020010005
VAMPIRETHEMASQUERADESWANSONG,Vampire: The Masquerade  Swansong,/game/vampire-the-masquerade-swansong/,qgTZKpO%2BFVmtnL7TQ%2BstmM6Q5WUhKYtQb3oxfvNQtr0%3D,25,246718,4.99,49.99,1,90.018004,66,Mixed,67,483,1299510,2022-05-19,2026-03-30 16:13:22,8.6,https://shared.fastly.steamstatic.com/store_item_assets/steam/apps/1299510/capsule_231x87.jpg?t=1733310545,vampire the masquerade swansong,1,1,1412,90.01800360072014
TOMCLANCYSRAINBOWSIXVEGAS,Tom Clancy's Rainbow Six Vegas,/game/tom-clancys-rainbow-six-vegas/,5N7vmHxVo7n9ll7RVyDeN5i8Fd3%2BDERfGzz8Usz7pBQ%3D,25,365,2.49,9.99,1,75.075075,85,Very Positive,80,1549,13540,2006-12-12,2026-03-30 16:04:03,8.6,https://shared.fastly.steamstatic.com/store_item_assets/steam/apps/13540/capsule_231x87.jpg?t=1765569332,tom clancys rainbow six vegas,1,1,7049,75.07507507507508
DARKWOOD,Darkwood,/game/darkwood/,g4vegkk8AjyaSC1irEfbn6WxdeDdcJh4VoeCJYztONk%3D,25,119305,2.99,14.99,1,80.053369,80,Very Positive,94,9827,274520,2017-08-17,2026-03-30 16:12:12,8.6,https://shared.fastly.steamstatic.com/store_item_assets/steam/apps/274520/b2902056c13270bba1d4aba1c91a2cb36beb175e/capsule_231x87.jpg?t=1774608005,darkwood,1,1,3148,80.0533689126084
SPACEEMPIRESIV,Space Empires IV,/game/space-empires-iv/,4NgrX1g4dtlAPfhR41iy0B1P53wvAR%2FAwuLBjWK2zOY%3D,25,251053,1.99,9.99,1,80.08008,79,,0,0,,2000-11-07,2026-03-30 16:13:00,8.6,https://cdn1.epicgames.com/spt-assets/addcbeb05ce7485f8515f94ff87309d5/download-space-empires-iv-offer-dz3ee.png,space empires iv,1,1,9275,80.08008008008008
MARVELSGUARDIANSOFTHEGALAXY,Marvels Guardians of the Galaxy,/game/marvels-guardians-of-the-galaxy/,2QaBmTRWHh2Nh%2Bjnja1tIeJaQgp%2FyxpZNuKmy0geNFc%3D,25,230934,8.99,59.99,1,85.014169,78,Very Positive,93,18380,1088850,2021-10-26,2026-03-30 16:14:58,8.6,https://shared.fastly.steamstatic.com/store_item_assets/steam/apps/1088850/53f3b01bda1af49ddb58543bfd8a2f46c99b92fe/capsule_231x87.jpg?t=1774552265,marvels guardians of the galaxy,1,1,1617,85.01416902817137
CHEFLIFEARESTAURANTSIMULATOR,Chef Life: A Restaurant Simulator,/game/chef-life-a-restaurant-simulator/,%2FLF3zl8b48iTfcvM0yWzUxzL%2F%2BRYagDLPzUa%2BmBluHs%3D,25,256980,4.49,29.99,1,85.028343,74,Very Positive,84,1982,1122340,2023-02-23,2026-03-30 16:11:10,8.6,https://shared.fastly.steamstatic.com/store_item_assets/steam/apps/1122340/capsule_231x87.jpg?t=1764149285,chef life a restaurant simulator,1,1,1132,85.02834278092698
SILVERCHAINS,Silver Chains,/game/silver-chains/,sL4Urc4XsIXQVFFIeXtXJQ%2Bfxpa6fHefn1RFCeRxNHw%3D,25,202820,1.74,24.99,1,93.037215,51,Mostly Positive,70,911,975470,2019-08-06,2026-03-30 16:07:12,8.6,https://shared.fastly.steamstatic.com/store_item_assets/steam/apps/975470/capsule_231x87.jpg?t=1717679927,silver chains,1,1,2429,93.03721488595438
KEYWE,KeyWe,/game/keywe/,COroljRKLsyzrkrmASTVqfnmlZ32%2BfOBTYWMaMkb0p8%3D,25,234043,3.74,24.99,1,85.034014,73,Very Positive,91,1665,1242980,2021-08-31,2026-03-30 16:13:33,8.6,https://shared.fastly.steamstatic.com/store_item_assets/steam/apps/1242980/capsule_231x87.jpg?t=1715615079,keywe,1,1,1673,85.03401360544218
CURSEOFTHESEARATS,Curse of the Sea Rats,/game/curse-of-the-sea-rats/,iRObCwJGr07LLzE3UZJz4JrKRKFBBVShvVsHSvp6e84%3D,25,258866,1.99,19.99,1,90.045023,60,Mixed,54,101,1453900,2023-04-06,2026-03-30 16:10:40,8.6,https://shared.fastly.steamstatic.com/store_item_assets/steam/apps/1453900/capsule_231x87.jpg?t=1741942946,curse of the sea rats,1,1,1090,90.04502251125564
HAIMRIK,Haimrik,/game/haimrik/,cxOCbL6G04tKXeZ9bKdOTHmbwx6pNk2uR4aG0JOz2IE%3D,25,187171,0.99,9.99,1,90.09009,58,Very Positive,85,124,492180,2018-06-19,2026-03-30 16:12:28,8.6,https://shared.fastly.steamstatic.com/store_item_assets/steam/apps/492180/capsule_231x87.jpg?t=1760103059,haimrik,1,1,2842,90.09009009009009
DEATHTOSPIES,Death to Spies,/game/death-to-spies/,it8AH5ZPF1pLtpwz1HFmI6a3TBP4xyhi9oAgPkGNYxI%3D,25,1316,0.74,4.99,1,85.170341,69,Mostly Positive,76,780,9800,2007-10-16,2026-03-30 16:10:17,8.6,https://shared.fastly.steamstatic.com/store_item_assets/steam/apps/9800/e42959ebd21949375dab89dd5ce981ab7d3a0f5b/capsule_231x87.jpg?t=1759139774,death to spies,1,1,6741,85.17034068136272
TOTALWARTHREEKINGDOMS,Total War: THREE KINGDOMS,/game/total-war-three-kingdoms/,cqfYvzS3vimU0rYYwHbT6qhUxHKicwZ0l2cbUWurYfU%3D,25,192744,11.99,59.99,1,80.013336,85,Very Positive,84,17168,779340,2019-05-23,2026-03-30 15:50:38,8.6,https://shared.fastly.steamstatic.com/store_item_assets/steam/apps/779340/capsule_231x87.jpg?t=1763646247,total war three kingdoms,1,1,2504,80.01333555592598
MENOFWARCONDEMNEDHEROES,Men of War: Condemned Heroes,/game/men-of-war-condemned-heroes/,iEqQL1%2BA42uWN75%2FDE%2BKMTcaFFfMFb0tqDAqm7hPLlg%3D,25,86793,0.79,7.99,1,90.112641,57,Mostly Positive,74,572,204860,2012-04-12,2026-03-30 16:11:40,8.6,https://shared.fastly.steamstatic.com/store_item_assets/steam/apps/204860/71fee88235f32ce78bb8bf8b2e22b8c0bff75ace/capsule_231x87.jpg?t=1773656451,men of war condemned heroes,1,1,5101,90.11264080100125
OCEANSHEART,Oceans Heart,/game/oceans-heart/,%2BERCnDtKKfZg735%2FsrlJWN3wAtWQaNSMPlfO6TrLSEc%3D,25,225166,2.99,14.99,1,80.053369,79,Very Positive,82,1362,1393750,2021-01-21,2026-03-30 16:03:57,8.6,https://shared.fastly.steamstatic.com/store_item_assets/steam/apps/1393750/capsule_231x87.jpg?t=1752051230,oceans heart,1,1,1895,80.0533689126084
PERIMETER,Perimeter,/game/perimeter/,F5qAlX1KqsRhFUbikxff9iXVElCXdfgt%2Bj9O0ABx3%2Bg%3D,25,87268,0.79,3.99,1,80.200501,77,Very Positive,85,187,289440,2004-06-30,2026-03-30 16:10:17,8.6,https://shared.fastly.steamstatic.com/store_item_assets/steam/apps/289440/capsule_231x87.jpg?t=1752584620,perimeter,1,1,7944,80.20050125313283
IMMORTALSOFAVEUM,Immortals of Aveum,/game/immortals-of-aveum/,UHGF5mvm3XC9VNbZrwVbZAWCBIAihRONkNPJ1%2BoUAmM%3D,25,259543,5.99,59.99,1,90.015003,65,Mostly Positive,72,1708,2009100,2023-08-22,2026-03-30 16:08:51,8.6,https://shared.fastly.steamstatic.com/store_item_assets/steam/apps/2009100/capsule_231x87.jpg?t=1748944926,immortals of aveum,1,1,952,90.01500250041673
DISHONOREDDEATHOFTHEOUTSIDER,Dishonored: Death of the Outsider,/game/dishonored-death-of-the-outsider/,ZJoW956jc4qtb7%2BEZApYWs6psyo5kfUCHFIZ3KNYEok%3D,25,170050,5.99,29.99,1,80.026676,81,Very Positive,85,4710,614570,2017-09-14,2026-03-30 16:11:32,8.5,https://shared.fastly.steamstatic.com/store_item_assets/steam/apps/614570/capsule_231x87.jpg?t=1750785506,dishonored death of the outsider,1,1,3120,80.02667555851951
KERBALSPACEPROGRAM,Kerbal Space Program,/game/kerbal-space-program/,9nxoTfPJicUszxZ9RmhJTMHnqMz%2BaOvSb%2FG1EMioqfA%3D,25,96256,9.99,39.99,1,75.018755,88,Overwhelmingly Positive,95,75173,220200,2011-06-24,2026-03-30 16:11:28,8.5,https://shared.fastly.steamstatic.com/store_item_assets/steam/apps/220200/capsule_231x87.jpg?t=1738037585,kerbal space program,1,1,5394,75.01875468867216
DOOMETERNAL,DOOM Eternal,/game/doom-eternal/,z7CFdX%2FifACzx7YPFXYplGnVbbR2dTHmGzrAkXv34Yo%3D,25,202356,9.99,39.99,1,75.018755,88,Very Positive,91,119559,782330,2020-03-20,2026-03-30 16:02:48,8.5,https://shared.fastly.steamstatic.com/store_item_assets/steam/apps/782330/capsule_231x87.jpg?t=1755109910,doom eternal,1,1,2202,75.01875468867216
AGAINSTTHESTORM,Against the Storm,/game/against-the-storm/,NGfbv7qk9Cl8sbVBrhcFWmL5Mrbir7VHxcK2lHjywa8%3D,25,220484,8.99,29.99,1,70.023341,91,Overwhelmingly Positive,95,18137,1336490,2023-12-08,2026-03-30 16:15:30,8.5,https://shared.fastly.steamstatic.com/store_item_assets/steam/apps/1336490/capsule_231x87.jpg?t=1774850913,against the storm,1,1,844,70.02334111370457
HOTWHEELSUNLEASHED2TURBOCHARGED,HOT WHEELS UNLEASHED 2 - Turbocharged,/game/hot-wheels-unleashed-2-turbocharged/,cEjKKY8mXGcdX%2FIwGhSVzKzYUee%2BjiFsy1AHYlD25uE%3D,25,272238,7.49,49.99,1,85.017003,75,Mostly Positive,76,860,2051120,2023-10-19,2026-03-30 16:07:54,8.5,https://shared.fastly.steamstatic.com/store_item_assets/steam/apps/2051120/capsule_231x87.jpg?t=1771001963,hot wheels unleashed 2 turbocharged,1,1,894,85.01700340068014
PIRATESOUTLAWS,Pirates Outlaws,/game/pirates-outlaws/,xiHFYbEmu%2FF8vRCu8SBkxBm2c%2FAV2tnEc63dDO7ruhI%3D,25,204433,3.99,19.99,1,80.04002,79,Very Positive,82,672,1046300,2019-08-27,2026-03-30 16:11:35,8.5,https://shared.fastly.steamstatic.com/store_item_assets/steam/apps/1046300/capsule_231x87.jpg?t=1765177618,pirates outlaws,1,1,2408,80.040020010005
THEKNIGHTWITCH,The Knight Witch,/game/the-knight-witch/,Tij50JRLvnguzIFNelFMGslLv6EgE1MR%2Ff4JLzCKil8%3D,25,253714,3.99,19.99,1,80.04002,79,Mostly Positive,71,596,1872680,2022-11-29,2026-03-30 15:56:57,8.5,https://shared.fastly.steamstatic.com/store_item_assets/steam/apps/1872680/capsule_231x87.jpg?t=1762939364,the knight witch,1,1,1218,80.040020010005
MACHINARIUM,Machinarium,/game/machinarium/,FZqKf%2FNjF%2BrPKt8Z%2BuDiv6KpuTyueeEeEvpZNJeKQK4%3D,25,317,4.99,19.99,1,75.037519,85,Very Positive,94,4733,40700,2009-10-16,2026-03-30 15:57:52,8.5,https://shared.fastly.steamstatic.com/store_item_assets/steam/apps/40700/capsule_231x87.jpg?t=1771101006,machinarium,1,1,6010,75.03751875937968
THIEF,Thief,/game/thief/,G4rxopdToc2Y7aSn4q0u8mJ3Irf%2Bz9Xft022h6%2FqL5U%3D,25,95945,2.99,19.99,1,85.042521,70,Mixed,67,7397,239160,2014-02-25,2026-03-30 16:06:58,8.5,https://shared.fastly.steamstatic.com/store_item_assets/steam/apps/239160/capsule_231x87.jpg?t=1755542243,thief,1,1,4417,85.04252126063032
ROADREDEMPTION,Road Redemption,/game/road-redemption/,A4BzMtUAE8sYOBv%2BZ3aY8y2tqt2DXAMaYtsS8mPGsN4%3D,25,111449,2.99,19.99,1,85.042521,70,Very Positive,84,5649,300380,2017-10-04,2026-03-30 15:54:01,8.5,https://shared.fastly.steamstatic.com/store_item_assets/steam/apps/300380/capsule_231x87.jpg?t=1764612541,road redemption,1,1,3100,85.04252126063032
FACESOFWAR,Faces of War,/game/faces-of-war/,5NaW%2FcSobJ%2Br%2FPubMMMSc7uy7iqWKz98cF67gFD352A%3D,25,2939,0.74,4.99,1,85.170341,67,Very Positive,88,1013,289300,2006-09-12,2026-03-30 16:11:39,8.5,https://shared.fastly.steamstatic.com/store_item_assets/steam/apps/289300/4d179ba72418018f8ac8b49c035fa0e35d0d425f/capsule_231x87.jpg?t=1773655897,faces of war,1,1,7140,85.17034068136272
UNITESPECIALEDITION,Unite Special Edition,,WQtSpdF4JKinnj2zU6sG3plCHOVi3bpm1qXvcKDGWx8%3D,25,283120,31.99,159.99,1,80.005,0,,0,0,,1970-01-01,2026-03-24 03:47:08,8.5,https://cdn1.epicgames.com/spt-assets/6bbb1f28256f4487861ade0140405ef3/rpg-maker-unite-x75y7.png,unite special edition,1,7,20543,80.00500031251953
REVITA,Revita,/game/revita/,PwMj1v9trJEi8sQENWjt4uhwy1sjLAalJcnUjmvOlIY%3D,25,226910,3.39,16.99,1,80.047087,78,Very Positive,83,1699,1175460,2022-04-21,2026-03-30 16:13:37,8.5,https://shared.fastly.steamstatic.com/store_item_assets/steam/apps/1175460/capsule_231x87.jpg?t=1744981718,revita,1,1,1440,80.04708652148322
SATURNALIA,Saturnalia,/game/saturnalia/,nxpsc9ck8YKwtzxw%2FzXR3kcvOXJm4gVMnwKsv302dDM%3D,25,252640,5.99,29.99,1,80.026676,80,Very Positive,90,91,916350,2022-10-27,2026-03-30 16:11:59,8.5,https://shared.fastly.steamstatic.com/store_item_assets/steam/apps/916350/capsule_231x87.jpg?t=1745920917,saturnalia,1,1,1251,80.02667555851951
BLACKTAIL,BLACKTAIL,/game/blacktail/,ITFsxz1rrc7zhCmtn8p06Ny7cHl5t9lDdVF8dqnlcmA%3D,25,250255,5.99,29.99,1,80.026676,80,Very Positive,83,1871,1532690,2022-12-15,2026-03-30 16:11:32,8.5,https://shared.fastly.steamstatic.com/store_item_assets/steam/apps/1532690/capsule_231x87.jpg?t=1761836902,blacktail,1,1,1202,80.02667555851951
MOVINGOUT,Moving Out,/game/moving-out/,szQoEGY6PWvUNYwTX9c0eqKdo1hspjEUICRQSPs1HJs%3D,25,212038,4.99,24.99,1,80.032013,79,Very Positive,82,1588,996770,2020-04-28,2026-03-30 16:14:23,8.5,https://shared.fastly.steamstatic.com/store_item_assets/steam/apps/996770/capsule_231x87.jpg?t=1766049875,moving out,1,1,2163,80.03201280512205
TRUBERBROOK,Truberbrook,/game/truberbrook/,M%2FmDlq7CXT%2Bu4JhuHnQcyqAsKGSZSFDYjlLhEUu0zpI%3D,25,199345,3.89,29.99,1,87.02901,66,,0,0,,2019-03-12,2026-03-30 16:14:53,8.5,https://sttc.gamersgate.com/images/product/truberbrook/cover-180-0124b3.jpg,truberbrook,1,1,2576,87.02900966988996
SPACERANGERSHDAWARAPART,Space Rangers HD: A War Apart,/game/space-rangers-hd-a-war-apart/,59E8omm2BAN7RSyYsmc0GJQzUNUO3q3QTziKZlzXnK8%3D,25,102328,2.24,14.99,1,85.056704,68,Very Positive,87,1029,214730,2013-10-17,2026-03-30 16:12:29,8.5,https://shared.fastly.steamstatic.com/store_item_assets/steam/apps/214730/capsule_231x87.jpg?t=1752661977,space rangers hd a war apart,1,1,4548,85.05670446964643
GHOSTRUNNER2,Ghostrunner 2,/game/ghostrunner-2/,t9LUURTw8Q%2FP5Id1A0VC%2FRworiamuym0U091V0SCWqQ%3D,25,270766,7.99,39.99,1,80.020005,81,Very Positive,80,3048,2144740,2023-10-26,2026-03-30 16:07:49,8.5,https://shared.fastly.steamstatic.com/store_item_assets/steam/apps/2144740/2553a29b164258cb9de5dc87565e94bff88e9108/capsule_231x87.jpg?t=1741369902,ghostrunner 2,1,1,887,80.02000500125031
GIANASISTERSTWISTEDDREAMS,Giana Sisters: Twisted Dreams,/game/giana-sisters-twisted-dreams/,jFHtKaI8IZ8NnzSI7X%2Bp%2BCN3eAPD2N2oFATLroofCWg%3D,25,93486,2.99,14.99,1,80.053369,77,Very Positive,81,1003,223220,2012-10-22,2026-03-30 16:13:03,8.5,https://shared.fastly.steamstatic.com/store_item_assets/steam/apps/223220/capsule_231x87.jpg?t=1771924287,giana sisters twisted dreams,1,1,4908,80.0533689126084
STILLTHERE,Still There,/game/still-there/,Xyc8aV%2FWN%2Frs3hTulkG2nkvYUaLv05PqvoAqQXs3OIY%3D,25,207336,2.99,14.99,1,80.053369,77,Very Positive,87,762,1063490,2019-11-20,2026-03-30 15:57:46,8.5,https://shared.fastly.steamstatic.com/store_item_assets/steam/apps/1063490/capsule_231x87.jpg?t=1725031772,still there,1,1,2323,80.0533689126084
FLATOUT2,FlatOut 2,/game/flatout-2/,SSREFYPozPdKYo9U8uLmk5zH%2FxqxZYdtIUhAjW9hMPY%3D,25,1001,1.99,9.99,1,80.08008,76,Overwhelmingly Positive,95,4219,2990,2006-08-01,2026-03-30 16:13:00,8.4,https://shared.fastly.steamstatic.com/store_item_assets/steam/apps/2990/capsule_231x87.jpg?t=1765237363,flatout 2,1,1,7182,80.08008008008008
DRFETUSMEANMEATMACHINE,Dr. Fetus Mean Meat Machine,/game/dr-fetus-mean-meat-machine/,I%2B32O19dtR4eKK5gmL1p5GJXwPJimdrlSa2CRiSxpPQ%3D,25,265719,1.99,9.99,1,80.08008,76,Mixed,60,233,2228030,2023-06-22,2026-03-30 16:09:32,8.4,https://shared.fastly.steamstatic.com/store_item_assets/steam/apps/2228030/capsule_231x87.jpg?t=1717679134,dr fetus mean meat machine,1,1,1013,80.08008008008008
EVERREACHPROJECTEDEN,Everreach: Project Eden,/game/everreach-project-eden/,LJJBfS5Tke7Ovu%2Btu6MpRyLJNMhWm%2Bxlr8JIoBEUAdI%3D,25,207842,1.74,24.99,1,93.037215,43,Mixed,48,424,915670,2019-12-04,2026-03-30 16:02:37,8.4,https://shared.fastly.steamstatic.com/store_item_assets/steam/apps/915670/capsule_231x87.jpg?t=1717760304,everreach project eden,1,1,2309,93.03721488595438
THECREWMOTORFESTULTIMATEYEAR3EDITION,The Crew Motorfest Ultimate Year 3 Edition,,DkC%2FKX5Rdr5tertCxORfmavMF9RdvMANFdNzu%2FT%2FyjE%3D,25,310251,35.99,119.99,1,70.005834,0,,0,0,,1970-01-01,2026-03-30 15:52:31,8.4,https://store.ubisoft.com/dw/image/v2/ABBS_PRD/on/demandware.static/-/Sites-masterCatalog/default/dweaf6fd9b/images/large/68d1647bac7e344663c5ae85.jpg?sw=197&amp;sh=261&amp;sm=fit,the crew motorfest ultimate year 3 edition,1,1,20543,70.00583381948496
MORTALKOMBAT1,Mortal Kombat 1,/game/mortal-kombat-1/,GfqMlXnkWOfziU60ftGmvyZIOM9szYmDKtdnjOThgwk%3D,25,260921,9.99,49.99,1,80.016003,82,Mostly Positive,72,16119,1971870,2023-09-19,2026-03-30 16:08:30,8.4,https://shared.fastly.steamstatic.com/store_item_assets/steam/apps/1971870/capsule_231x87.jpg?t=1750176505,mortal kombat 1,1,1,924,80.01600320064013
EMPYREAL,Empyreal,/game/empyreal/,JKHxXC7LYZjEOY0cyJNIkZI8OUOchshRTKpKwivAGqw%3D,25,302696,7.49,29.99,1,75.025008,65,Mixed,68,112,1377700,2025-05-08,2026-03-30 15:55:48,8.4,https://shared.fastly.steamstatic.com/store_item_assets/steam/apps/1377700/bdb22e86517d0ee4411574f55365012a4fe91e69/capsule_231x87.jpg?t=1765517380,empyreal,1,1,327,75.02500833611204
HELLPIE,Hell Pie,/game/hell-pie/,UJpVNQJ7PvS5HofuXjPiH5wmt7L6fE4ymmfQyZd4yjY%3D,25,249066,4.99,24.99,1,80.032013,78,Very Positive,91,1039,889910,2022-07-21,2026-03-30 16:12:53,8.4,https://shared.fastly.steamstatic.com/store_item_assets/steam/apps/889910/capsule_231x87.jpg?t=1764867573,hell pie,1,1,1349,80.03201280512205
GIFTOFPARTHAX,Gift of Parthax,/game/gift-of-parthax/,aSX7OA46cFIwNp2FwtCZSxLjajfhSuOBaTJ7bNEKFGc%3D,25,191586,1.04,6.99,1,85.121602,65,Mostly Negative,38,18,,2018-09-12,2026-03-30 16:12:29,8.4,https://sttc.gamersgate.com/images/product/gift-of-parthax/cover-180-f15a8e.jpg,gift of parthax,1,1,2757,85.12160228898426
THESINKINGCITY,The Sinking City,/game/the-sinking-city/,lHNtBc5oBD9kT6rt7QPP7IWv%2FEUFI6iyDG5jm0p1eYM%3D,25,201604,5.99,39.99,1,85.021255,71,Mostly Positive,75,4280,,2019-06-27,2026-03-30 16:05:31,8.4,https://cdn1.epicgames.com/spt-assets/prod-middlemist/the-sinking-city-11yio.jpg,the sinking city,1,1,2469,85.02125531382845
SOULDIERS,Souldiers,/game/souldiers/,uJxXzo7LVgTCBLsqy9wU4Z8wF9aPKTUm3TlVjbGR08U%3D,25,247374,3.99,19.99,1,80.04002,77,Mostly Positive,74,793,1419160,2022-06-02,2026-03-30 16:13:17,8.4,https://shared.fastly.steamstatic.com/store_item_assets/steam/apps/1419160/capsule_231x87.jpg?t=1720187905,souldiers,1,1,1398,80.040020010005
BEHOLDER3,Beholder 3,/game/beholder-3/,M8D62LFQZ2i8xuclg7r85IPAr50C7OdpeGuMb0q6ZoU%3D,25,241168,2.69,17.99,1,85.047248,67,Mixed,68,407,1570070,2022-03-03,2026-03-30 16:13:54,8.4,https://shared.fastly.steamstatic.com/store_item_assets/steam/apps/1570070/capsule_231x87.jpg?t=1762949591,beholder 3,1,1,1489,85.04724847137298
FALLOUTTACTICSBROTHERHOODOFSTEEL,Fallout Tactics: Brotherhood of Steel,/game/fallout-tactics-brotherhood-of-steel/,toOwnHUZuDZEadAb%2F3OY5vyIMe20NbSrqLaXBQFgfp8%3D,25,378,2.49,9.99,1,75.075075,82,Mostly Positive,78,1519,38420,2001-03-14,2026-03-30 16:12:08,8.4,https://shared.fastly.steamstatic.com/store_item_assets/steam/apps/38420/capsule_231x87.jpg?t=1572025647,fallout tactics brotherhood of steel,1,1,9148,75.07507507507508
QUAKE,QUAKE,/game/quake/,L8TnRdFuExTMi0J%2FncLKE7ph%2FjSPGYeR6AHffoBXfig%3D,25,165,3.99,9.99,1,60.06006,94,Overwhelmingly Positive,96,9697,2310,1996-06-22,2026-03-30 16:14:34,8.4,https://shared.fastly.steamstatic.com/store_item_assets/steam/apps/2310/capsule_231x87.jpg?t=1691683243,quake,1,1,10874,60.06006006006006
MCPIXEL3,McPixel 3,/game/mcpixel-3/,Qv27cJG7cITwNB6hVDjjcB72eR8NZg%2Fgx1uBjMBbjCc%3D,25,253328,1.99,9.99,1,80.08008,75,Overwhelmingly Positive,96,1145,1338580,2022-11-14,2026-03-30 16:11:52,8.4,https://shared.fastly.steamstatic.com/store_item_assets/steam/apps/1338580/capsule_231x87.jpg?t=1688543116,mcpixel 3,1,1,1233,80.08008008008008
THEEVILWITHIN2,The Evil Within 2,/game/the-evil-within-2/,OP5HKUDogXxCoiRr6ePy0GDQYHYgNnkgRmputeyprpU%3D,25,170048,7.99,39.99,1,80.020005,80,Very Positive,90,5973,601430,2017-10-12,2026-03-30 16:09:07,8.4,https://shared.fastly.steamstatic.com/store_item_assets/steam/apps/601430/capsule_231x87.jpg?t=1750783701,the evil within 2,1,1,3092,80.02000500125031
CALLOFCTHULHU,Call of Cthulhu,/game/pc/call-of-cthulhu,%2F37f7eFN7YGAbueVWCjCISpYAnQc46H47ciZ1eRI2vU%3D,25,189705,2.99,19.99,1,85.042521,67,Mostly Positive,76,4711,399810,2018-10-29,2026-03-30 16:12:20,8.4,https://shared.fastly.steamstatic.com/store_item_assets/steam/apps/399810/capsule_231x87.jpg?t=1728650289,call of cthulhu,1,1,2710,85.04252126063032
VERNALEDGE,Vernal Edge,/game/vernal-edge/,m6XnnlSzvLRZYFkTjqE014euY6wiHVDVnaNIuFTrELA%3D,25,258378,3.39,16.99,1,80.047087,76,Mostly Positive,75,486,1546710,2023-03-14,2026-03-30 16:10:56,8.4,https://shared.fastly.steamstatic.com/store_item_assets/steam/apps/1546710/capsule_231x87.jpg?t=1748596507,vernal edge,1,1,1113,80.04708652148322
WALLWORLD,Wall World,/game/wall-world/,eyG%2BI4qVWez76ZHiBncr95Ojrin9VMD08yo0kWSSvU4%3D,25,258588,1.39,6.99,1,80.114449,74,Very Positive,89,3581,2187290,2023-04-05,2026-03-30 16:10:40,8.4,https://shared.fastly.steamstatic.com/store_item_assets/steam/apps/2187290/capsule_231x87.jpg?t=1773119901,wall world,1,1,1091,80.11444921316166
SAVIORLESS,Saviorless,/game/saviorless/,whUUuOgu9ecsG7ytR%2BYVsTVVQpUpsH1dW9jQF41Jmmo%3D,25,284493,2.59,12.99,1,80.061586,75,Very Positive,85,260,1438480,2024-04-02,2026-03-30 16:05:14,8.4,https://shared.fastly.steamstatic.com/store_item_assets/steam/apps/1438480/capsule_231x87.jpg?t=1760471563,saviorless,1,1,728,80.06158583525789
NECROVISION,NecroVision,/game/necrovision/,2%2FSznMl2wN1ygaHigCz2RToNme%2BPyv1vQRxGgRT8m9Y%3D,25,1232,0.74,4.99,1,85.170341,63,Mixed,69,1341,7860,2009-05-18,2026-03-30 16:10:17,8.4,https://shared.fastly.steamstatic.com/store_item_assets/steam/apps/7860/8c6021945d7d6b7fceae6279f77c1d31214ac476/capsule_231x87.jpg?t=1773662506,necrovision,1,1,6161,85.17034068136272
CROWNTRICK,Crown Trick,/game/crown-trick/,iDR16M1iPj0O1W2S%2F%2Fn9E%2F0XByfatQG2FKhEnTLIMdQ%3D,25,221552,4.99,19.99,1,75.037519,83,Very Positive,86,561,1000010,2020-10-16,2026-03-30 16:04:37,8.4,https://shared.fastly.steamstatic.com/store_item_assets/steam/apps/1000010/capsule_231x87.jpg?t=1761833006,crown trick,1,1,1992,75.03751875937968
COMPANYOFCRIME,Company of Crime,/game/company-of-crime/,%2BlI9sPDJetojEQxT21QmpxKXrJ2zFwBZpuign0WD2BY%3D,25,218822,2.99,19.99,1,85.042521,66,Mixed,52,142,1229420,2020-08-07,2026-03-30 16:13:22,8.4,https://shared.fastly.steamstatic.com/store_item_assets/steam/apps/1229420/capsule_231x87.jpg?t=1752498218,company of crime,1,1,2062,85.04252126063032
DEATHLOOPANDGHOSTWIRETOKYOBUNDLE,DEATHLOOP and Ghostwire: Tokyo Bundle,,Lm5BSDVVS8Vxq3sDDUbb%2FZpIMueNJk%2FTyhHxMRS1h1s%3D,25,253727,32.99,99.99,1,67.006701,0,,0,0,,1970-01-01,2026-03-30 16:11:46,8.3,https://cdn1.epicgames.com/offer/7ff0fecdc634466fb991607b24642404/EGS_DEATHLOOPGhostwireTokyoBundle_ArkaneStudiosTangoGameworks_S2_1200x1600-c56438502662609a7fdb453ec38f3343,deathloop and ghostwire tokyo bundle,1,1,20543,67.006700670067
BOTANICULA,Botanicula,/game/botanicula/,CqOSJStCr4kABqbfVIC33MGlj1ygPSJMS6xsSkEN1%2FA%3D,25,87286,3.74,14.99,1,75.050033,82,Overwhelmingly Positive,95,2022,207690,2012-04-19,2026-03-30 16:07:45,8.3,https://shared.fastly.steamstatic.com/store_item_assets/steam/apps/207690/capsule_231x87.jpg?t=1771101071,botanicula,1,1,5094,75.05003335557038
PERIMETEREMPERORSTESTAMENT,Perimeter: Emperor's Testament,/game/perimeter-emperors-testament/,Owf4DQP1DyrljdET5qrDhwyCvDvo%2FQXnJiR28RV5eJc%3D,25,3977,0.79,3.99,1,80.200501,72,Mostly Positive,75,37,289240,2006-09-04,2026-03-30 16:10:16,8.3,https://shared.fastly.steamstatic.com/store_item_assets/steam/apps/289240/capsule_231x87.jpg?t=1752584679,perimeter emperors testament,1,1,7148,80.20050125313283
MYMEMORYOFUS,My Memory of Us,/game/my-memory-of-us/,eEi55p6LjotjEyS78KnNfJ1Y3pHqwp3dBDUjQ8BsI1c%3D,25,192713,3.05,17.99,1,83.046137,69,Very Positive,91,620,651500,2018-10-09,2026-03-30 16:13:19,8.3,https://shared.fastly.steamstatic.com/store_item_assets/steam/apps/651500/52279fe4584a696fb4d27bdd9035fe35731d1e73/capsule_231x87.jpg?t=1748968033,my memory of us,1,1,2730,83.04613674263479
FLATOUT,FlatOut,/game/flatout/,%2Bv6cAISZArrK%2FvNlWJKpyBStZgeAN%2BhY7romcbAnScA%3D,25,1220,0.99,4.99,1,80.160321,72,Very Positive,90,1559,6220,2005-07-12,2026-03-30 16:12:59,8.3,https://shared.fastly.steamstatic.com/store_item_assets/steam/apps/6220/capsule_231x87.jpg?t=1765237361,flatout,1,1,7567,80.16032064128255
FIGMENT2CREEDVALLEY,Figment 2: Creed Valley,/game/figment-2-creed-valley/,sY4qVR1Fi6NxTumdi4VLkPtwMSC0FEwJiq6l1v%2FstXE%3D,25,258191,4.99,24.99,1,80.032013,76,Very Positive,94,866,1085220,2023-03-09,2026-03-30 16:10:58,8.3,https://shared.fastly.steamstatic.com/store_item_assets/steam/apps/1085220/capsule_231x87.jpg?t=1729500878,figment 2 creed valley,1,1,1118,80.03201280512205
THEYALWAYSRUN,They Always Run,/game/they-always-run/,H9AtoZBbDuX8%2FirkUt9MfmhGOvrUCiZElFOpofiB2k8%3D,25,231643,1.99,9.99,1,80.08008,73,Mostly Positive,78,749,1585440,2021-10-20,2026-03-30 16:15:00,8.3,https://shared.fastly.steamstatic.com/store_item_assets/steam/apps/1585440/capsule_231x87.jpg?t=1729766429,they always run,1,1,1623,80.08008008008008
KAPITALSPARKSOFREVOLUTION,Kapital Sparks of Revolution,/game/kapital-sparks-of-revolution/,ErwV5VdgT2qTlllhqjlTJU1I530GAziaLWmbRoHMM4Q%3D,25,244228,2.99,19.99,1,85.042521,64,Mixed,62,187,1399700,2022-04-28,2026-03-30 16:13:31,8.3,https://shared.fastly.steamstatic.com/store_item_assets/steam/apps/1399700/capsule_231x87.jpg?t=1760106062,kapital sparks of revolution,1,1,1433,85.04252126063032
CREAKS,Creaks,/game/creaks/,pPIvNF%2FsntWwtSONNbBejYjjySw%2F22ZcPyPzSn0gPo0%3D,25,195216,4.99,19.99,1,75.037519,82,Overwhelmingly Positive,95,1878,956030,2020-07-22,2026-03-30 16:04:31,8.3,https://shared.fastly.steamstatic.com/store_item_assets/steam/apps/956030/capsule_231x87.jpg?t=1771101054,creaks,1,1,2078,75.03751875937968
COMMANDANDCONQUERREMASTEREDCOLLECTION,Command and Conquer Remastered Collection,/game/command-and-conquer-remastered-collection/,VhD0eDu9qpXRl2bFpPVAapt1ioDDSLr6knIDrH2wAgA%3D,25,211790,4.99,19.99,1,75.037519,82,Very Positive,91,17566,1213210,2020-06-05,2026-03-30 16:03:55,8.3,https://shared.fastly.steamstatic.com/store_item_assets/steam/apps/1213210/capsule_231x87.jpg?t=1659021785,command and conquer remastered collection,1,1,2125,75.03751875937968
THEROGUEPRINCEOFPERSIA,The Rogue Prince of Persia,/game/the-rogue-prince-of-persia/,EkwJO3IPUk5fN0Q%2BOw1W1Yo4G0DD%2FbodfwFQ6%2BORPZI%3D,25,287286,11.99,29.99,1,60.020007,80,Very Positive,90,1191,2717880,2025-08-20,2026-03-30 15:53:45,8.3,https://shared.fastly.steamstatic.com/store_item_assets/steam/apps/2717880/0c57d1160cb55b73dec168e3c83e61672a5ba836/capsule_231x87.jpg?t=1770066280,the rogue prince of persia,1,1,223,60.020006668889636
SHADOWGAMBITTHECURSEDCREW,Shadow Gambit: The Cursed Crew,/game/shadow-gambit-the-cursed-crew/,vbd1D8%2F4kWtz4YkLZazKerJPbK4NCFjC42X9xR6TNqI%3D,25,270469,9.99,39.99,1,75.018755,85,Very Positive,90,1914,1545560,2023-08-17,2026-03-30 16:08:53,8.3,https://shared.fastly.steamstatic.com/store_item_assets/steam/apps/1545560/f70bf71bdefff1bc7d523260bc58e745e40b194f/capsule_231x87.jpg?t=1774608061,shadow gambit the cursed crew,1,1,957,75.01875468867216
CHUCHEL,CHUCHEL,/game/chuchel/,Yso7DU4XIMZPP2KoUD03ZHDXpFNXPtmPsXe%2BqOBS7o0%3D,25,175752,3.74,14.99,1,75.050033,81,Very Positive,84,1411,711660,2018-03-07,2026-03-30 16:07:45,8.3,https://shared.fastly.steamstatic.com/store_item_assets/steam/apps/711660/capsule_231x87.jpg?t=1771101493,chuchel,1,1,2946,75.05003335557038
HAPPYGAME,Happy Game,/game/happy-game/,4nps2gjSsHkr8o3CaK0x5H1yl6%2BiqgcmCwfmYSsO0tc%3D,25,228502,3.74,14.99,1,75.050033,81,Very Positive,88,1183,1206060,2021-10-28,2026-03-30 15:55:51,8.3,https://shared.fastly.steamstatic.com/store_item_assets/steam/apps/1206060/capsule_231x87.jpg?t=1771101453,happy game,1,1,1615,75.05003335557038
TURMOIL,Turmoil,/game/turmoil/,GnDbiekRSi%2BCsTL52RSAeRpeHCdBMPDN5UrzuDH0pwE%3D,25,144263,2.59,12.99,1,80.061586,73,Very Positive,92,5196,361280,2016-06-02,2026-03-30 15:57:30,8.3,https://shared.fastly.steamstatic.com/store_item_assets/steam/apps/361280/407e57e2bfc611689d0b44aa524f46642fff4aca/capsule_231x87.jpg?t=1774374083,turmoil,1,1,3589,80.06158583525789
THEFORESTQUARTET,The Forest Quartet,/game/the-forest-quartet/,%2FXCoIqBKMw71%2BldUGTRZyX64nApJduOobZeAq5rv5XE%3D,25,254390,1.99,9.99,1,80.08008,72,Very Positive,93,375,1620720,2022-12-08,2026-03-30 16:08:29,8.3,https://shared.fastly.steamstatic.com/store_item_assets/steam/apps/1620720/capsule_231x87.jpg?t=1729500913,the forest quartet,1,1,1209,80.08008008008008
REVERIEKNIGHTSTACTICS,Reverie Knights Tactics,/game/reverie-knights-tactics/,BsPZMMFksO0at9iCjVAOD%2F2mw35tkP8qPcsNuL99zlg%3D,25,239587,2.99,19.99,1,85.042521,63,Mixed,55,88,1399690,2022-01-25,2026-03-30 16:14:16,8.3,https://shared.fastly.steamstatic.com/store_item_assets/steam/apps/1399690/capsule_231x87.jpg?t=1760105756,reverie knights tactics,1,1,1526,85.04252126063032
GANGSOFSHERWOOD,Gangs of Sherwood,/game/gangs-of-sherwood/,FBdsXjK2w4gSC8VjhC3hHkVqJ3rU3IKYga05viXn5H8%3D,25,274261,3.99,39.99,1,90.022506,49,Mixed,41,167,1351000,2023-11-30,2026-03-30 16:07:20,8.2,https://shared.fastly.steamstatic.com/store_item_assets/steam/apps/1351000/capsule_231x87.jpg?t=1764149583,gangs of sherwood,1,1,852,90.0225056264066
KILLERFREQUENCY,Killer Frequency,/game/killer-frequency/,OhA9T%2BdsVEHhFctF7BuApOJjB0syq3r2ModMqerERcM%3D,25,260918,6.24,24.99,1,75.030012,82,Very Positive,93,3491,1903620,2023-06-01,2026-03-30 15:56:57,8.2,https://shared.fastly.steamstatic.com/store_item_assets/steam/apps/1903620/capsule_231x87.jpg?t=1762770396,killer frequency,1,1,1034,75.03001200480193
TOTALWARWARHAMMERII,Total War: WARHAMMER II,/game/total-war-warhammer-ii/,bMP%2BrY6llIvPXA9KEmid4xsMYppMZRFGDguoIUjkUtY%3D,25,170052,14.99,59.99,1,75.012502,87,Very Positive,93,50682,594570,2017-09-28,2026-03-30 16:13:33,8.2,https://shared.fastly.steamstatic.com/store_item_assets/steam/apps/594570/capsule_231x87.jpg?t=1764867559,total war warhammer ii,1,1,3106,75.01250208368062
THEPEDESTRIAN,The Pedestrian,/game/the-pedestrian/,7UCY8jv92df8dXxhRk%2FeVQ8%2B%2FApfbbNnXUlTzUGp8p4%3D,25,209921,4.99,19.99,1,75.037519,81,Overwhelmingly Positive,96,2539,466630,2020-01-29,2026-03-30 15:50:32,8.2,https://shared.fastly.steamstatic.com/store_item_assets/steam/apps/466630/6c4451301cad037a4c4aef063dc0a323577e1b4d/capsule_231x87.jpg?t=1765919336,the pedestrian,1,1,2253,75.03751875937968
THETALOSPRINCIPLE2,The Talos Principle 2,/game/the-talos-principle-2/,tn1TbDemJkulY54Wb8w5OIloxqNsigc3QRSMiv9QnIw%3D,25,274143,8.99,29.99,1,70.023341,88,Very Positive,94,8188,835960,2023-11-02,2026-03-30 16:07:41,8.2,https://shared.fastly.steamstatic.com/store_item_assets/steam/apps/835960/capsule_231x87.jpg?t=1758794528,the talos principle 2,1,1,880,70.02334111370457
BIOSHOCKTHECOLLECTION,BioShock: The Collection,/game/bioshock-the-collection/,djqcZVpuZATycO5fNcXx8P7XTyUogtyPodm4AyfXerk%3D,25,158540,11.99,59.99,1,80.013336,80,,0,0,,2016-09-16,2026-03-30 16:13:19,8.2,https://sttc.gamersgate.com/images/product/bioshock-the-collection/cover-180-52ccc4.jpg,bioshock the collection,1,1,3483,80.01333555592598
GUACAMELEESUPERTURBOCHAMPIONSHIPEDITION,Guacamelee! Super Turbo Championship Edition,/game/guacamelee-super-turbo-championship-edition/,dSsNliZ9SzBQwHk1ddgvLaBnk1q4BlLOuf8vXKV4quw%3D,25,122955,3.74,14.99,1,75.050033,80,Very Positive,91,1282,275390,2014-08-21,2026-03-30 16:09:37,8.2,https://shared.fastly.steamstatic.com/store_item_assets/steam/apps/275390/capsule_231x87.jpg?t=1764280942,guacamelee super turbo championship edition,1,1,4240,75.05003335557038
SILT,Silt,/game/silt/,Sc0iGITjTunjQ9QTn9oZHOhOb2HWxR4%2FjUJs%2F%2Ft2aag%3D,25,246631,2.99,14.99,1,80.053369,72,Mostly Positive,78,691,1325890,2022-06-01,2026-03-30 16:13:18,8.2,https://shared.fastly.steamstatic.com/store_item_assets/steam/apps/1325890/capsule_231x87.jpg?t=1724190031,silt,1,1,1399,80.0533689126084
ETERNALTHREADS,Eternal Threads,/game/eternal-threads/,6AlzaaqzF08xMPOthJkqVdhWnJR1DCNFG8iIvrCTeak%3D,25,246748,3.99,19.99,1,80.04002,73,Very Positive,87,477,1046790,2022-05-19,2026-03-30 16:07:53,8.2,https://shared.fastly.steamstatic.com/store_item_assets/steam/apps/1046790/capsule_231x87.jpg?t=1771321092,eternal threads,1,1,1412,80.040020010005
1428SHADOWSOVERSILESIA,1428: Shadows over Silesia,/game/1428-shadows-over-silesia/,JzMq3a465ghk0f7QWaD0apnTEmOU2ZWoy0kgZlK96TU%3D,25,251713,3.99,19.99,1,80.04002,73,Mostly Positive,72,186,1228500,2022-10-04,2026-03-30 16:07:19,8.2,https://shared.fastly.steamstatic.com/store_item_assets/steam/apps/1228500/b1515ab3b3d5dbc665614eea6ab758847b6e8f02/capsule_231x87.jpg?t=1763643450,1428 shadows over silesia,1,1,1274,80.040020010005
PILGRIMS,Pilgrims,/game/pilgrims/,PA341aSqHMxzLhfWcygRWgo%2BfR%2Fi0yoABoEg%2B0A2uQg%3D,25,206023,1.74,6.99,1,75.107296,78,Overwhelmingly Positive,95,1471,1049280,2019-10-07,2026-03-30 16:09:37,8.2,https://shared.fastly.steamstatic.com/store_item_assets/steam/apps/1049280/capsule_231x87.jpg?t=1771101488,pilgrims,1,1,2367,75.10729613733905
LEGOSTARWARSTHESKYWALKERSAGA,LEGO Star Wars: The Skywalker Saga,/game/lego-star-wars-the-skywalker-saga/,x2XnKsxmQyFwDuaF%2BnaDvU40r%2Ft0nT7dQ5y1LgbMr78%3D,25,239704,9.99,49.99,1,80.016003,78,Very Positive,89,26205,920210,2022-04-05,2026-03-30 16:13:44,8.2,https://shared.fastly.steamstatic.com/store_item_assets/steam/apps/920210/capsule_231x87.jpg?t=1747346983,lego star wars the skywalker saga,1,1,1456,80.01600320064013
SAINTSROW,Saints Row,/game/saints-row/,HCUWL7Gm0Aj7fU1n%2Fbff7c04%2FdX3gSz8G54u2pExKpk%3D,25,233851,4.49,29.99,1,85.028343,63,Mixed,60,2859,742420,2022-08-23,2026-03-30 16:12:44,8.2,https://shared.fastly.steamstatic.com/store_item_assets/steam/apps/742420/capsule_231x87.jpg?t=1764670956,saints row,1,1,1316,85.02834278092698
SUBMARINETITANS,Submarine Titans,/game/submarine-titans/,ORPu09sqP9tdNc0DZOmRUBwyzcs8PfPCZapKXXSLFPE%3D,25,209389,0.99,4.99,1,80.160321,69,Very Positive,86,331,1259380,2000-08-03,2026-03-30 16:11:35,8.2,https://shared.fastly.steamstatic.com/store_item_assets/steam/apps/1259380/capsule_231x87.jpg?t=1759953568,submarine titans,1,1,9371,80.16032064128255
GODLIKEBURGER,Godlike Burger,/game/godlike-burger/,s7N2AjvFyPjnG1LF59gL1eMw5%2FFq4C%2B3F6rbEMD2sAg%3D,25,243407,2.99,19.99,1,85.042521,60,Mostly Positive,75,762,1432910,2022-04-21,2026-03-30 16:13:35,8.2,https://shared.fastly.steamstatic.com/store_item_assets/steam/apps/1432910/capsule_231x87.jpg?t=1770913048,godlike burger,1,1,1440,85.04252126063032
CONGLOMERATE451,Conglomerate 451,/game/conglomerate-451/,t0pVPUSeuJCDAde2R9b2B4I%2BtABPCrvv2YIoC10gT5M%3D,25,201842,2.99,19.99,1,85.042521,60,Mixed,62,143,1022710,2020-02-20,2026-03-30 16:13:21,8.2,https://shared.fastly.steamstatic.com/store_item_assets/steam/apps/1022710/capsule_231x87.jpg?t=1760104558,conglomerate 451,1,1,2231,85.04252126063032
FALLOFPORCUPINE,Fall of Porcupine,/game/fall-of-porcupine/,Vp9HpMhX98MjUkcdV1%2F8rW2stXu1MGBPunOumJI0bCQ%3D,25,264765,3.99,19.99,1,80.04002,72,Mostly Positive,74,498,1710540,2023-06-15,2026-03-30 16:09:38,8.2,https://shared.fastly.steamstatic.com/store_item_assets/steam/apps/1710540/capsule_231x87.jpg?t=1773933686,fall of porcupine,1,1,1020,80.040020010005
GREAKMEMORIESOFAZUR,Greak: Memories of Azur,/game/greak-memories-of-azur/,rLAoAPJvzyJBjGe30s0q9QQUMoO712LTTCvrgv%2FGpRg%3D,25,233076,3.99,19.99,1,80.04002,72,Mostly Positive,79,943,1311070,2021-08-17,2026-03-30 16:07:36,8.2,https://shared.fastly.steamstatic.com/store_item_assets/steam/apps/1311070/capsule_231x87.jpg?t=1761837649,greak memories of azur,1,1,1687,80.040020010005
ULTROS,Ultros,/game/ultros/,Og36k%2FPuMBIw4sV9DLd9W1JWL6lIVoVp78jTYj9uoTM%3D,25,279203,6.24,24.99,1,75.030012,81,Very Positive,80,696,2386310,2024-02-13,2026-03-30 16:06:08,8.2,https://shared.fastly.steamstatic.com/store_item_assets/steam/apps/2386310/capsule_231x87.jpg?t=1733844176,ultros,1,1,777,75.03001200480193
OUTLAST,Outlast,/game/outlast/,fax2aACkBczyQQJOEGjFQ4cCnhNSBI9WD%2BQYWv1JoB0%3D,25,101259,4.99,19.99,1,75.037519,80,Overwhelmingly Positive,96,27943,238320,2013-09-04,2026-03-30 16:12:16,8.2,https://shared.fastly.steamstatic.com/store_item_assets/steam/apps/238320/capsule_231x87.jpg?t=1666817106,outlast,1,1,4591,75.03751875937968
PLANETOFLANA,Planet of Lana,/game/planet-of-lana/,TXudXyzKrIl3h16Wc%2FdKmcUvepKo4OT%2BgxraZZ1JPtI%3D,25,261031,4.99,19.99,1,75.037519,80,Very Positive,93,3517,1608230,2023-05-23,2026-03-30 16:10:10,8.2,https://shared.fastly.steamstatic.com/store_item_assets/steam/apps/1608230/b00c729a886eca256812f55c3c9df64cff0dde8d/capsule_231x87.jpg?t=1772728759,planet of lana,1,1,1043,75.03751875937968
SAMOROST3,Samorost 3,/game/samorost-3/,Nx5%2BrVzwe2M3SykjjP31wInuiTTEIyNvXmHWbrLKWiQ%3D,25,150380,4.99,19.99,1,75.037519,80,Very Positive,94,1540,421120,2016-03-24,2026-03-30 16:09:27,8.2,https://shared.fastly.steamstatic.com/store_item_assets/steam/apps/421120/e729d4542cb3b3fbb7d5eb9f914b5587b4662b67/capsule_231x87.jpg?t=1773172967,samorost 3,1,1,3659,75.03751875937968
TOMCLANCYSRAINBOWSIXVEGAS2,Tom Clancy's Rainbow Six Vegas 2,/game/tom-clancys-rainbow-six-vegas-2/,aKqnuo3A2OYMTIGH1Xx7kpMeub7gW7TCiVQvByembKo%3D,25,577,2.49,9.99,1,75.075075,78,Very Positive,84,3488,15120,2008-04-15,2026-03-30 16:04:06,8.2,https://shared.fastly.steamstatic.com/store_item_assets/steam/apps/15120/capsule_231x87.jpg?t=1765569371,tom clancys rainbow six vegas 2,1,1,6559,75.07507507507508
NIKOPOLSECRETSOFTHEIMMORTALS,Nikopol: Secrets of the Immortals,/game/nikopol-secrets-of-the-immortals/,rIGwqooEC09mx7BYibsXXMqJWmpUazReAlOxv0jx%2FSs%3D,25,1098,0.99,4.99,1,80.160321,68,Mixed,60,260,11370,2008-09-20,2026-03-30 16:13:13,8.2,https://shared.fastly.steamstatic.com/store_item_assets/steam/apps/11370/capsule_231x87.jpg?t=1758221690,nikopol secrets of the immortals,1,1,6401,80.16032064128255
TOTALWARWARHAMMERIII,Total War: WARHAMMER III,/game/total-war-warhammer-iii/,lQsvnFGVCT%2BeHBCV94fh8sRaFPg1iHLlc%2FlyrzdICzw%3D,25,225778,14.99,59.99,1,75.012502,86,Mixed,69,53291,1142710,2022-02-17,2026-03-30 16:14:06,8.1,https://shared.fastly.steamstatic.com/store_item_assets/steam/apps/1142710/capsule_231x87.jpg?t=1774645800,total war warhammer iii,1,1,1503,75.01250208368062
TOTALWARWARHAMMER,Total War: WARHAMMER,/game/total-war-warhammer/,bm6WFBMh3kPMH1xYLQpstzUyTC%2BObrT2PB2k2osreAg%3D,25,144547,14.99,59.99,1,75.012502,86,Very Positive,82,18118,364360,2016-05-24,2026-03-30 16:14:43,8.1,https://shared.fastly.steamstatic.com/store_item_assets/steam/apps/364360/capsule_231x87.jpg?t=1764867527,total war warhammer,1,1,3598,75.01250208368062
THEMAKINGOFKARATEKA,The Making of Karateka,/game/the-making-of-karateka/,a5zB1gL0fxjG3z7dksFBpMymXCqVVCMX%2FvKfynYkCnA%3D,25,270559,6.99,19.99,1,65.032516,90,Very Positive,97,108,1163060,2023-08-29,2026-03-30 16:08:45,8.1,https://shared.fastly.steamstatic.com/store_item_assets/steam/apps/1163060/capsule_231x87.jpg?t=1773073858,the making of karateka,1,1,945,65.03251625812906
BLOODSTAINEDRITUALOFTHENIGHT,Bloodstained: Ritual of the Night,/game/bloodstained-ritual-of-the-night/,C%2FCUnD4iUiFYoFXt%2FEMI3ogvsXLbZchTmT1vqTNmLvU%3D,25,191568,9.99,39.99,1,75.018755,83,Very Positive,92,10932,692850,2019-06-18,2026-03-30 15:50:31,8.1,https://shared.fastly.steamstatic.com/store_item_assets/steam/apps/692850/5df6b92f8efa3304ded876cf3ab721b26afb69ce/capsule_231x87.jpg?t=1750409671,bloodstained ritual of the night,1,1,2478,75.01875468867216
TOTALWARPHARAOHDYNASTIES,Total War: PHARAOH DYNASTIES,/game/total-war-pharaoh-dynasties/,6VHfy6rxMwoknKHJXNwrUHGXkWjcdcQHaQMqsz6786U%3D,25,316012,9.99,39.99,1,75.018755,83,,0,0,,2024-07-25,2026-03-30 15:49:45,8.1,https://images.gog-statics.com/13fe68818f40df341c9dc3f78cf2d8a0e3627643446a0548b4227cb9e6d64c02_product_tile_117h.webp,total war pharaoh dynasties,1,1,614,75.01875468867216
SNAKEPASS,Snake Pass,/game/snake-pass/,NDCUX1lkIM%2BMl3Tjg0qxwOxKAj8Q9Y2P9fygIXL9jQI%3D,25,167720,3.99,19.99,1,80.04002,71,Very Positive,87,1160,544330,2017-03-28,2026-03-30 16:14:20,8.1,https://shared.fastly.steamstatic.com/store_item_assets/steam/apps/544330/capsule_231x87.jpg?t=1763465214,snake pass,1,1,3290,80.040020010005
KHOLAT,Kholat,/game/kholat/,Gd7Afbwbv6Yzl6eNv%2Bxou9KMuKGNPYn%2Bhrb1658nRo4%3D,25,141383,3.39,19.99,1,83.041521,64,Mixed,62,805,343710,2015-06-09,2026-03-30 16:11:08,8.1,https://shared.fastly.steamstatic.com/store_item_assets/steam/apps/343710/capsule_231x87.jpg?t=1589292099,kholat,1,1,3948,83.04152076038018
BORNOFBREAD,Born of Bread,/game/born-of-bread/,0uAxgN0Uew4rMGJubKVksvqv%2B30F0Jz8HVJx%2FPPtciQ%3D,25,279403,4.99,24.99,1,80.032013,72,Mostly Positive,79,425,1555140,2023-12-05,2026-03-30 16:07:16,8.1,https://shared.fastly.steamstatic.com/store_item_assets/steam/apps/1555140/capsule_231x87.jpg?t=1744982436,born of bread,1,1,847,80.03201280512205
SPIRITOFTHENORTH,Spirit of the North,/game/spirit-of-the-north/,1ZpNi0U7bR2tJ32cUqILYhPvKyCGN5qqfruZPB%2B8lAg%3D,25,214914,2.99,19.99,1,85.042521,58,Very Positive,83,2376,1213700,2020-05-07,2026-03-30 16:13:40,8.1,https://shared.fastly.steamstatic.com/store_item_assets/steam/apps/1213700/capsule_231x87.jpg?t=1745697402,spirit of the north,1,1,2154,85.04252126063032
FANTASYWARS,Fantasy Wars,/game/fantasy-wars/,xk2OKcreYgs9W06jpf2HeDgCIfS389LZL64wAqG1Cww%3D,25,860,0.99,4.99,1,80.160321,67,Very Positive,88,240,63900,2007-11-08,2026-03-30 16:12:29,8.1,https://shared.fastly.steamstatic.com/store_item_assets/steam/apps/63900/capsule_231x87.jpg?t=1752575730,fantasy wars,1,1,6718,80.16032064128255
ORWELLKEEPINGANEYEONYOU,Orwell: Keeping an Eye On You,/game/orwell-keeping-an-eye-on-you/,KTHxF396xDV3V2fMB3q5fxkgxDoezJyvHv%2FEA7R%2FI5M%3D,25,216981,2.49,9.99,1,75.075075,77,Very Positive,90,4778,491950,2016-10-27,2026-03-30 16:13:49,8.1,https://shared.fastly.steamstatic.com/store_item_assets/steam/apps/491950/capsule_231x87.jpg?t=1770913154,orwell keeping an eye on you,1,1,3442,75.07507507507508
MIGHTANDMAGICHEROESVI,Might and Magic Heroes VI,/game/might-and-magic-heroes-vi/,wqn7NSvlwvXPglQNVHZYruo8vCw2PbmqNYflyM%2BBwe0%3D,25,100799,2.49,9.99,1,75.075075,77,Mostly Negative,38,3876,48220,2011-10-13,2026-03-30 16:05:11,8.1,https://shared.fastly.steamstatic.com/store_item_assets/steam/apps/48220/capsule_231x87.jpg?t=1698436685,might and magic heroes vi,1,1,5283,75.07507507507508
TINYTINASWONDERLANDS,Tiny Tinas Wonderlands,/game/tiny-tinas-wonderlands/,piCMT%2BDqeXM4hyxtIyaR2idAtdyVTD87ceR0Umq2eBg%3D,25,234436,11.99,59.99,1,80.013336,78,Mostly Positive,71,11129,1286680,2022-03-25,2026-03-30 16:13:46,8.1,https://shared.fastly.steamstatic.com/store_item_assets/steam/apps/1286680/capsule_231x87.jpg?t=1737970341,tiny tinas wonderlands,1,1,1467,80.01333555592598
THEMETRONOMICONSLAYTHEDANCEFLOOR,The Metronomicon: Slay The Dance Floor,/game/the-metronomicon-slay-the-dance-floor/,rNzFw6rduJTjP1OvrQhVxtd76MbWScolpqaQg61UXaM%3D,25,198268,4.99,19.99,1,75.037519,79,Very Positive,85,278,416790,2016-09-29,2026-03-30 16:13:28,8.1,https://shared.fastly.steamstatic.com/store_item_assets/steam/apps/416790/capsule_231x87.jpg?t=1770140980,the metronomicon slay the dance floor,1,1,3470,75.03751875937968
BEACONPINES,Beacon Pines,/game/beacon-pines/,vRgMfmd3U3uZuOMgbIsaOsWQ9InyDi9KQbP8LpVGVFc%3D,25,251254,5.99,19.99,1,70.035018,83,Overwhelmingly Positive,98,2364,1269640,2022-09-22,2026-03-31 11:37:28,8.1,https://shared.fastly.steamstatic.com/store_item_assets/steam/apps/1269640/c9a9b63c2dc09be4c695dbd5527598442a9a087f/capsule_231x87.jpg?t=1756348702,beacon pines,1,0,1286,70.03501750875436
SYMMETRY,SYMMETRY,/game/symmetry/,c2ge%2Fq5av2Ia8wpNWNujJ6RiUoLqxugoALk2Ry5fPS0%3D,25,178363,0.0,11.99,1,100.0,0,Mixed,53,145,537520,2024-05-10,2026-03-26 16:21:42,8.1,https://shared.fastly.steamstatic.com/store_item_assets/steam/apps/537520/capsule_231x87.jpg?t=1589292558,symmetry,1,5,690,100.0
HYPERECHELON,Hyper Echelon,/game/hyper-echelon/,xFRrLqS98Amv2BGsP5c6K%2Ffa8r7843f%2FNzxTdTBDnNA%3D,25,237036,0.0,12.99,1,100.0,0,Very Positive,88,51,953330,2021-11-11,2026-03-26 16:09:03,8.1,https://shared.fastly.steamstatic.com/store_item_assets/steam/apps/953330/capsule_231x87.jpg?t=1765231177,hyper echelon,1,5,1601,100.0
SPACEEMPIRESV,Space Empires V,/game/space-empires-v/,kN%2FI50OWeqWbydrdaqNAS4jGZMHhitsCJ7WWyFow7N8%3D,25,1340,2.99,14.99,1,80.053369,68,Mostly Positive,73,413,1690,2006-10-16,2026-03-30 16:12:47,8.1,https://shared.fastly.steamstatic.com/store_item_assets/steam/apps/1690/18df346f886a37516d54629190fa4b5b64a011c6/capsule_231x87.jpg?t=1759953536,space empires v,1,1,7106,80.0533689126084
RISEN,Risen,/game/risen/,2UzfVM8jE%2Fg39%2BCduC90q0qNDxv5M8hOnrmAUTAHbDU%3D,25,506,3.74,14.99,1,75.050033,77,Very Positive,83,2262,40300,2009-10-02,2026-03-30 16:11:24,8.0,https://shared.fastly.steamstatic.com/store_item_assets/steam/apps/40300/capsule_231x87.jpg?t=1674662941,risen,1,1,6024,75.05003335557038
LARVAMORTUS,Larva Mortus,/game/larva-mortus/,wbNvOUDIU3fqhdGqMavWeXXLM5tuzPwpoVmN7fJH6tk%3D,25,1153,0.59,2.99,1,80.267559,64,Mostly Positive,75,514,11340,2008-05-13,2026-03-30 16:13:16,8.0,https://shared.fastly.steamstatic.com/store_item_assets/steam/apps/11340/capsule_231x87.jpg?t=1758221643,larva mortus,1,1,6531,80.2675585284281
TECHNOTOPIA,Technotopia,/game/technotopia/,Xd1PH1BJNPD6fBJ8%2B%2FbBjxAAVVqRDgW71656JUwE7Fk%3D,25,293279,1.74,4.99,1,65.130261,85,Very Positive,86,538,2825110,2024-10-23,2026-03-30 15:57:42,8.0,https://shared.fastly.steamstatic.com/store_item_assets/steam/apps/2825110/996e64ed45ad7efedaec02adff3e36146b48f120/capsule_231x87.jpg?t=1769408118,technotopia,1,1,524,65.13026052104209
LITTLEORPHEUS,Little Orpheus,/game/little-orpheus/,vF9qRMjHAVvfgJDGWFING5f%2Bcpy3t7D6bdWHvp7isjs%3D,25,250928,2.59,12.99,1,80.061586,67,Mixed,68,372,1558930,2022-09-13,2026-03-30 16:12:26,8.0,https://shared.fastly.steamstatic.com/store_item_assets/steam/apps/1558930/capsule_231x87.jpg?t=1751981974,little orpheus,1,1,1295,80.06158583525789
DEADISLAND2,Dead Island 2,/game/dead-island-2/,F2RuvrW7hcs6jA3iYPp154ElukXFJ%2BErA3PqN%2FL9zf0%3D,25,259837,9.99,49.99,1,80.016003,75,Mostly Positive,76,8601,934700,2023-04-21,2026-03-30 16:10:31,8.0,https://shared.fastly.steamstatic.com/store_item_assets/steam/apps/934700/a247bbfb249b71dfed4d6e582e5bea2b1dbd4358/capsule_231x87.jpg?t=1761231459,dead island 2,1,1,1075,80.01600320064013
CULPAINNATA,Culpa Innata,/game/culpa-innata/,zCmoCz64ObGVkU1PK5hrckYB7%2BMPhk8xizBjGqP%2BlsM%3D,25,1365,2.39,11.99,1,80.066722,66,Mostly Positive,75,100,12310,2007-11-02,2026-03-30 16:11:11,8.0,https://shared.fastly.steamstatic.com/store_item_assets/steam/apps/12310/capsule_231x87.jpg?t=1759951451,culpa innata,1,1,6724,80.06672226855713
HOWL,Howl,/game/howl/,pcPVFhq9aYPcYTou3kY6Zul%2B9G31sBvX1NuA%2BXi3XmQ%3D,25,278469,2.99,9.99,1,70.07007,82,Very Positive,95,70,2172180,2023-11-14,2026-03-30 16:06:31,8.0,https://shared.fastly.steamstatic.com/store_item_assets/steam/apps/2172180/5071a299c1f8ecb8eabefd1cd5ea1aaa48bff14d/capsule_231x87.jpg?t=1754385397,howl,1,1,868,70.07007007007007
SIFU,Sifu,/game/sifu/,6D9a3hJ27Y2%2FpKWeZXn%2BXxpjQSwbKVKROT6mHyREiAE%3D,25,233850,9.99,39.99,1,75.018755,81,Very Positive,92,7365,2138710,2022-02-08,2026-03-30 16:14:09,8.0,https://shared.fastly.steamstatic.com/store_item_assets/steam/apps/2138710/capsule_231x87.jpg?t=1754555101,sifu,1,1,1512,75.01875468867216
WORKERSANDRESOURCESSOVIETREPUBLIC,Workers and Resources: Soviet Republic,/game/workers-and-resources-soviet-republic/,V9yJSJc3N0ah01V6cJsLswB3e7WDaFQadhC0u9pjnFM%3D,25,258020,9.99,39.99,1,75.018755,81,Very Positive,89,8115,784150,2024-06-20,2026-03-30 16:03:45,8.0,https://shared.fastly.steamstatic.com/store_item_assets/steam/apps/784150/capsule_231x87.jpg?t=1774608741,workers and resources soviet republic,1,1,649,75.01875468867216
ZOOLREDIMENSIONED,Zool Redimensioned,/game/zool-redimensioned/,CkDGZ9zCE828XhvNCYwTJoa8iUeTtWCwMxamZH%2BY9%2BQ%3D,25,233529,1.99,9.99,1,80.08008,65,Very Positive,95,158,1647730,2021-08-18,2026-03-30 16:14:21,8.0,https://shared.fastly.steamstatic.com/store_item_assets/steam/apps/1647730/capsule_231x87.jpg?t=1758272408,zool redimensioned,1,1,1686,80.08008008008008
FROMDUST,From Dust,/game/from-dust/,fzY7xx%2FALnhbsyG6A8Lw77eFMCsNx08MfKiZTyrecoY%3D,25,33,3.74,14.99,1,75.050033,76,Mixed,62,1973,33460,2011-08-17,2026-03-30 16:11:17,8.0,https://shared.fastly.steamstatic.com/store_item_assets/steam/apps/33460/capsule_231x87.jpg?t=1765571473,from dust,1,1,5340,75.05003335557038
EXPEDITIONSCONQUISTADOR,Expeditions: Conquistador,/game/expeditions-conquistador/,yHNq2ppz7tuU4lZOVt3mG4%2Fn%2Buy8WR0alYnl51nTuq0%3D,25,98082,4.99,19.99,1,75.037519,77,Mostly Positive,77,1207,237430,2013-05-30,2026-03-30 16:15:54,8.0,https://shared.fastly.steamstatic.com/store_item_assets/steam/apps/237430/capsule_231x87.jpg?t=1660136640,expeditions conquistador,1,1,4688,75.03751875937968
SPACEHACK,Space Hack,/game/space-hack/,wjrrd0bYyQWS6oqI56XqmBRXT6uY%2BjqxQQQ6UcHAVw8%3D,25,3793,0.99,4.99,1,80.160321,63,Mixed,57,234,315260,2005-11-18,2026-03-30 16:13:18,8.0,https://shared.fastly.steamstatic.com/store_item_assets/steam/apps/315260/capsule_231x87.jpg?t=1766083341,space hack,1,1,7438,80.16032064128255
KINGOFSEAS,King of Seas,/game/king-of-seas/,yXjQaGXA%2FKxKpxqqyJEkUUwnUJTzzA29HzCTVMByXdQ%3D,25,229027,4.99,24.99,1,80.032013,68,Mixed,57,594,1209410,2021-05-25,2026-03-30 16:07:19,8.0,https://shared.fastly.steamstatic.com/store_item_assets/steam/apps/1209410/capsule_231x87.jpg?t=1762773390,king of seas,1,1,1771,80.03201280512205
SPELLFORCECONQUESTOFEODEMONSCOURGE,SpellForce: Conquest of Eo - Demon Scourge,/game/spellforce-conquest-of-eo-demon-scourge/,JCZAMvL%2Bw3O4lhWqxt4OohPT6EfutEzSciK6IKKjRWg%3D,25,282381,4.28,12.99,1,67.051578,85,,0,0,,2024-02-13,2026-03-30 16:06:02,7.9,https://images.gog-statics.com/8fe81a7e7910fbfd14a18c19eac36a2d8d74a7c277ee8f320838008f3ea058a8_product_tile_117h.webp,spellforce conquest of eo demon scourge,1,1,777,67.05157813702849
GRIDLEGENDS,GRID Legends,/game/grid-legends/,Y0uXoQ8b21xjH1SzNHu1w0kPueb7X%2BZdSdaZkQBcq8U%3D,25,238022,11.99,59.99,1,80.013336,75,Mostly Positive,75,1236,1307710,2022-02-25,2026-03-30 16:03:55,7.9,https://shared.fastly.steamstatic.com/store_item_assets/steam/apps/1307710/capsule_231x87.jpg?t=1748949621,grid legends,1,1,1495,80.01333555592598
LAIKAAGEDTHROUGHBLOOD,Laika: Aged Through Blood,/game/laika-aged-through-blood/,nkxz%2BRCQkwQafeKhGzg5uQgAl36uWHqbYcDwBmfLlfQ%3D,25,276232,5.99,19.99,1,70.035018,83,Very Positive,92,3098,1796220,2023-10-19,2026-03-30 16:07:52,7.9,https://shared.fastly.steamstatic.com/store_item_assets/steam/apps/1796220/d0cea11c4f9c0218a15fe99b5ec2c0453ddab1ca/capsule_231x87.jpg?t=1759330781,laika aged through blood,1,1,894,70.03501750875436
BLASPHEMOUS,Blasphemous,/game/blasphemous/,3wspysdXWD631rjGt8DGfNNcj1D0UvG6mvpwDIKi%2Brc%3D,25,204448,6.24,24.99,1,75.030012,77,Very Positive,90,18200,774361,2019-09-10,2026-03-30 16:14:56,7.9,https://shared.fastly.steamstatic.com/store_item_assets/steam/apps/774361/capsule_231x87.jpg?t=1766049817,blasphemous,1,1,2394,75.03001200480193
SONGSOFCONQUEST,Songs of Conquest,/game/songs-of-conquest/,VF9sdPJEhhDS8Uredt4kVc5wic%2FIQUQ%2Bf0KV81VYRps%3D,25,239728,7.49,29.99,1,75.025008,78,Very Positive,85,5823,867210,2024-05-20,2026-03-30 16:13:27,7.9,https://shared.fastly.steamstatic.com/store_item_assets/steam/apps/867210/10e250c4e477adbc8e6980a01c45c531006bb8bd/capsule_231x87_alt_assets_10.jpg?t=1772735495,songs of conquest,1,1,680,75.02500833611204
NEXAGONDEATHMATCH,Nexagon: Deathmatch,/game/nexagon-deathmatch/,jUUcX6j3KcQX8u1dxzYeJAPGfGHTI5NQUu%2B3qBymjWI%3D,25,216816,0.99,4.99,1,80.160321,61,,0,0,,2003-07-23,2026-03-30 16:12:56,7.9,https://sttc.gamersgate.com/images/product/nexagon-deathmatch/cover-180-0b022f.jpg,nexagon deathmatch,1,1,8287,80.16032064128255
RIGNROLL,Rig n Roll,/game/rignroll/,4JN%2B2ZZBsnRYQ%2F4hLK9sf9uHv2ghrETwGzWCMQl7GP0%3D,25,695,0.99,4.99,1,80.160321,61,Mixed,62,389,46370,2010-04-16,2026-03-30 16:12:29,7.9,https://shared.fastly.steamstatic.com/store_item_assets/steam/apps/46370/3467bed8a4e7d551939ba0a322202db3e462b200/capsule_231x87.jpg?t=1759479782,rig n roll,1,1,5828,80.16032064128255
OUTLASTWHISTLEBLOWER,Outlast: Whistleblower,/game/outlast-whistleblower/,Z%2F%2FupagLY6TwUpp0Bv7OkB9NYekEu%2Fz9d5QMHUwtTss%3D,25,109245,2.24,8.99,1,75.083426,73,,0,0,,2014-05-06,2026-03-30 16:12:16,7.9,https://images.greenmangaming.com/9e9d1f0df83e44ccb152c7b7e6219f96/e06aad558fd0498f96a0af8d04f482d4.jpg,outlast whistleblower,1,1,4347,75.08342602892102
TORMENTEDSOULS,Tormented Souls,/game/tormented-souls/,k9Swmp5fFGRrwY6yycgkg4Sy4Ym02c7CJWiFvQd2Wag%3D,25,233875,4.99,19.99,1,75.037519,75,Very Positive,88,2469,1367590,2021-08-27,2026-03-30 16:11:59,7.9,https://shared.fastly.steamstatic.com/store_item_assets/steam/apps/1367590/capsule_231x87.jpg?t=1751362774,tormented souls,1,1,1677,75.03751875937968
ETERNALSTRANDS,Eternal Strands,/game/eternal-strands/,iFVrG8kD%2FrQxAbgSsw3Z58gEoNZZViXAQhQq5bX3l8E%3D,25,297383,11.99,39.99,1,70.017504,77,Very Positive,87,1458,1491410,2025-01-28,2026-03-30 15:57:16,7.9,https://shared.fastly.steamstatic.com/store_item_assets/steam/apps/1491410/524af471ec9fcde641da258eb90c851237f64099/capsule_231x87.jpg?t=1769792653,eternal strands,1,1,427,70.01750437609402
TOMCLANCYSGHOSTRECON,Tom Clancy's Ghost Recon,/game/tom-clancys-ghost-recon/,qNyXJRsP7K9uX4RriU6un3RqYE05zOwxzJurFhzK5Ew%3D,25,602,2.99,9.99,1,70.07007,80,Very Positive,92,1533,15300,2001-11-13,2026-03-30 16:10:58,7.9,https://shared.fastly.steamstatic.com/store_item_assets/steam/apps/15300/capsule_231x87.jpg?t=1764776400,tom clancys ghost recon,1,1,8904,70.07007007007007
EXPEDITIONSROME,Expeditions: Rome,/game/expeditions-rome/,uwKfR8q43R58nWUiktn9wjbMMWm%2FUhJXdG4FdirRBpQ%3D,25,237689,11.24,44.99,1,75.01667,80,Very Positive,87,2954,987840,2022-01-20,2026-03-30 16:14:18,7.9,https://shared.fastly.steamstatic.com/store_item_assets/steam/apps/987840/capsule_231x87.jpg?t=1755582893,expeditions rome,1,1,1531,75.0166703711936
TOTALWARATTILA,Total War: Attila,/game/total-war-attila/,fBeLFRE1vB2Z8s1IvVlo0FiOq%2Fwfjlhg2p33kHjn6xI%3D,25,140130,11.24,44.99,1,75.01667,80,Very Positive,80,13196,325610,2015-02-17,2026-03-30 15:49:45,7.9,https://shared.fastly.steamstatic.com/store_item_assets/steam/apps/325610/capsule_231x87.jpg?t=1768911096,total war attila,1,1,4060,75.0166703711936
SPELLFORCECONQUESTOFEO,SpellForce: Conquest of Eo,/game/spellforce-conquest-of-eo/,EOuWHUQL%2BnwG%2BuP1iurnnnhwEmOSov9%2F4a3wQzbHcQ8%3D,25,253693,7.49,29.99,1,75.025008,77,Very Positive,81,1131,1581770,2023-02-03,2026-03-30 16:11:17,7.9,https://shared.fastly.steamstatic.com/store_item_assets/steam/apps/1581770/capsule_231x87.jpg?t=1747227579,spellforce conquest of eo,1,1,1152,75.02500833611204
PRINCEOFQIN,Prince of Qin,/game/prince-of-qin/,REGMPd1NNgyvj6CFDErW%2FArMZeGZ7P%2FwkmtvBheMDYs%3D,25,236326,1.99,9.99,1,80.08008,61,Very Positive,84,85,970500,2002-08-19,2026-03-30 16:12:45,7.9,https://shared.fastly.steamstatic.com/store_item_assets/steam/apps/1717410/capsule_231x87.jpg?t=1759527299,prince of qin,1,1,8625,80.08008008008008
ASHOFGODSREDEMPTION,Ash of Gods: Redemption,/game/ash-of-gods-redemption/,UWcqyFx7KetrWl90JgpuDQGCnG%2FQEBckKyWRx%2ByVJtA%3D,25,185288,4.99,24.99,1,80.032013,65,Mixed,66,1089,691690,2018-03-23,2026-03-30 16:08:01,7.9,https://shared.fastly.steamstatic.com/store_item_assets/steam/apps/691690/6e9b4ffd40995ba811db6868ee976a4b2b7363e1/capsule_231x87.jpg?t=1731166901,ash of gods redemption,1,1,2930,80.03201280512205
GLOOMHAVEN,Gloomhaven,/game/gloomhaven/,Od6vwFlEbiR%2BjSfyBXfhyn0b1MjXSICvM7QpJJv5sjg%3D,25,203265,9.79,34.99,1,72.020577,82,Very Positive,82,10054,780290,2019-07-17,2026-03-30 16:12:21,7.9,https://shared.fastly.steamstatic.com/store_item_assets/steam/apps/780290/9ee373827c5426b8b765de12c656a3a2369bbfcc/capsule_231x87.jpg?t=1774280168,gloomhaven,1,1,2449,72.02057730780224
DRAGONTHRONEBATTLEOFREDCLIFFS,Dragon Throne: Battle of Red Cliffs,/game/dragon-throne-battle-of-red-cliffs/,TbqTWFhasR97eBCoP5RNNfLhBHwITkQTBXombl9H2ZE%3D,25,280924,1.99,9.99,1,80.08008,60,Very Positive,84,223,2633500,2002-03-26,2026-03-30 16:06:42,7.8,https://shared.fastly.steamstatic.com/store_item_assets/steam/apps/2633500/capsule_231x87.jpg?t=1749801473,dragon throne battle of red cliffs,1,1,8771,80.08008008008008
TOGGES,Togges,/game/togges/,EMoE%2BxjFo0mWPXBcv4DWGVdJyldWSZD%2Fm%2Bovzq9NgAo%3D,25,254342,0.99,19.99,1,95.047524,0,Mixed,66,165,1550270,2022-12-07,2026-03-30 16:11:37,7.8,https://shared.fastly.steamstatic.com/store_item_assets/steam/apps/1550270/capsule_231x87.jpg?t=1759330676,togges,1,1,1210,95.04752376188095
SWORDSHIP,Swordship,/game/swordship/,%2Bs3%2FxF84%2B0F0Qdm4kevApFuhfLJeikdDDdHGC970%2FQs%3D,25,254254,0.99,19.99,1,95.047524,0,Very Positive,85,199,1804270,2022-12-05,2026-03-30 16:11:11,7.8,https://shared.fastly.steamstatic.com/store_item_assets/steam/apps/1804270/capsule_231x87.jpg?t=1759330818,swordship,1,1,1212,95.04752376188095
FORGIVEMEFATHER,Forgive me Father,/game/forgive-me-father/,HuDSCO1NZM6xQBtI9wqBrLhhpDQR9uWOAIeg7KlauzU%3D,25,235064,4.99,19.99,1,75.037519,74,Very Positive,85,2038,1590910,2021-10-26,2026-03-30 16:14:57,7.8,https://shared.fastly.steamstatic.com/store_item_assets/steam/apps/1590910/capsule_231x87.jpg?t=1771336556,forgive me father,1,1,1617,75.03751875937968
TCHIA,Tchia,/game/tchia/,IAPz%2BRkpObhlUwdMBNHC%2FgfYa%2BdLf9%2FNGScXxdNBKis%3D,25,245252,7.49,29.99,1,75.025008,76,Very Positive,89,518,1496590,2023-03-21,2026-03-30 16:10:53,7.8,https://shared.fastly.steamstatic.com/store_item_assets/steam/apps/1496590/capsule_231x87.jpg?t=1772227146,tchia,1,1,1106,75.02500833611204
REMNANTII,Remnant II,/game/remnant-ii/,0FigZJpBeHUhZGrMn1Vj%2FR9%2BaqEn2wNSgxufAUtVuMY%3D,25,264210,12.49,49.99,1,75.015003,80,Very Positive,85,26371,1282100,2023-07-25,2026-03-30 16:09:12,7.8,https://shared.fastly.steamstatic.com/store_item_assets/steam/apps/1282100/capsule_231x87.jpg?t=1764659459,remnant ii,1,1,980,75.01500300060012
STILLWAKESTHEDEEP,Still Wakes the Deep,/game/still-wakes-the-deep/,QHU45OWvDGuILwPcB9PMXjPOIK535jSf68VOM3rE%2FRU%3D,25,285864,8.74,34.99,1,75.021435,77,Very Positive,89,6209,1622910,2024-06-18,2026-03-30 16:03:49,7.8,https://shared.fastly.steamstatic.com/store_item_assets/steam/apps/1622910/74e6db81ddca29fc1c07caee1e4abf9188b6aa84/capsule_231x87.jpg?t=1766147641,still wakes the deep,1,1,651,75.02143469562732
CHARONSSTAIRCASEDIGITALDELUXEEDITION,Charons Staircase - Digital Deluxe Edition,,YxmyoAhi%2BtRRTrpoymlZ6DPyDJYc6FKvEUfMYVnCQX4%3D,25,304444,1.49,29.99,1,95.031677,0,,0,0,,1970-01-01,2026-03-30 16:10:15,7.8,https://cdn1.epicgames.com/spt-assets/08388b8ac1f14cc19a8bdae879573e72/charons-staircase-u2xs3.jpg,charons staircase digital deluxe edition,1,1,20543,95.03167722574192
FORHONORSTANDARDEDITION,For Honor Standard Edition,,nJ3APBf9wf93m6uFzBGFEu8Un3MyiMAfF9Bsg9jIe1k%3D,25,308233,1.49,29.99,1,95.031677,0,,0,0,,1970-01-01,2026-03-30 16:05:34,7.8,https://cdn1.epicgames.com/offer/sundrop/EGST_StorePortrait_1200x1600_1200x1600-57fc0a774effa1801f6156bc6131fe36,for honor standard edition,1,1,20543,95.03167722574192
KARMAZOO,KarmaZoo,/game/karmazoo/,prpWGr3vUi2wXF7sJWd82YamsJD7jGDdNhjRYf%2Bs3UQ%3D,25,275277,2.99,9.99,1,70.07007,79,Very Positive,89,947,1661630,2023-11-14,2026-03-30 16:07:32,7.8,https://shared.fastly.steamstatic.com/store_item_assets/steam/apps/1661630/capsule_231x87.jpg?t=1728951152,karmazoo,1,1,868,70.07007007007007
RIDERSREPUBLIC,Riders Republic,/game/riders-republic/,ijMlGV1CO797x%2BDkaH9DX1kEwElCBaSYrWSR4hSP2iI%3D,25,220402,9.99,39.99,1,75.018755,78,Very Positive,81,7004,2290180,2021-10-28,2026-03-30 16:14:56,7.8,https://shared.fastly.steamstatic.com/store_item_assets/steam/apps/2290180/61ed78df948333939165f3fef525ca5edddeb7db/capsule_231x87_alt_assets_1.jpg?t=1773933850,riders republic,1,1,1615,75.01875468867216
FIREBURST,Fireburst,/game/fireburst/,ks2adC7X7spsyfNbtnTNPUczfzqjoqEfpoIeJwZdMsY%3D,25,87434,1.99,9.99,1,80.08008,59,Mixed,59,125,207190,2012-04-25,2026-03-30 16:12:39,7.8,https://shared.fastly.steamstatic.com/store_item_assets/steam/apps/207190/capsule_231x87.jpg?t=1759951817,fireburst,1,1,5088,80.08008008008008
UBERSOLDIER,Ubersoldier,/game/ubersoldier/,NFkP2skiZvhILj8xqks5bZ1TD%2F1beIYHoSs2aZgLylM%3D,25,284392,0.99,4.99,1,80.160321,57,Very Positive,82,256,2905090,2006-03-31,2026-03-30 16:05:17,7.8,https://shared.fastly.steamstatic.com/store_item_assets/steam/apps/2905090/b897864eecdcbff6fa308875b83e89194427e28c/capsule_231x87.jpg?t=1756850206,ubersoldier,1,1,7305,80.16032064128255
AVENCOLONY,Aven Colony,/game/aven-colony/,RnieaYyX3dAOFI7LQMgvT5TLb1f00DLlU5pg44wVdoQ%3D,25,169930,5.99,29.99,1,80.026676,65,Mostly Positive,71,1963,484900,2017-07-25,2026-03-30 16:14:52,7.8,https://shared.fastly.steamstatic.com/store_item_assets/steam/apps/484900/capsule_231x87.jpg?t=1761829468,aven colony,1,1,3171,80.02667555851951
THEGUILD3,The Guild 3,/game/the-guild-3/,XslxpMrVCDRGN0D0kDrBeHtQ1JXMQZyLwFhr6hItiHs%3D,25,159605,5.99,29.99,1,80.026676,65,Mixed,60,2635,311260,2022-06-14,2026-03-30 16:13:11,7.8,https://shared.fastly.steamstatic.com/store_item_assets/steam/apps/311260/capsule_231x87.jpg?t=1764839802,the guild 3,1,1,1386,80.02667555851951
SUICIDESQUADKILLTHEJUSTICELEAGUEDIGITALDELUXEEDITIONUPGRADE,Suicide Squad: Kill the Justice League - Digital Deluxe Edition Upgrade,,hIrUMi3b8OIiocHG9asdpjBvN290stAcEeBOer%2BDMdc%3D,25,284184,1.74,34.99,1,95.027151,0,,0,0,,1970-01-01,2026-03-30 16:05:23,7.8,https://cdn1.epicgames.com/offer/76cd63399a874c2b854fd74cda49a256/EGS_SuicideSquadDigitalDeluxeUpgrade_RocksteadyStudios_Packs_S2_1200x1600-48dbe58e7f6a1cc2dc339557d9d153a3,suicide squad kill the justice league digital deluxe edition upgrade,1,1,20543,95.02715061446126
VAUDEVILLE,Vaudeville,/game/vaudeville/,RX1lu0At%2BVOwF5mnwsI8zPl7xbjZ94dw88H6gO1wJEg%3D,25,266405,5.99,19.99,1,70.035018,0,Mixed,50,268,2240920,2025-11-28,2026-03-30 16:09:27,7.8,https://shared.fastly.steamstatic.com/store_item_assets/steam/apps/2240920/3e84fa037c02d59b0814f7344e755d99140d2cad/capsule_231x87.jpg?t=1770214371,vaudeville,1,1,123,70.03501750875436
STEAMWORLDBUILD,SteamWorld Build,/game/steamworld-build/,okEycV0cZ%2FzaM4e4kNhtU6wUwgsGLrOuTq1tLBLUC%2BE%3D,25,279229,6.24,24.99,1,75.030012,74,Very Positive,83,1782,2134770,2023-12-01,2026-03-30 16:07:19,7.8,https://shared.fastly.steamstatic.com/store_item_assets/steam/apps/2134770/capsule_231x87.jpg?t=1759330706,steamworld build,1,1,851,75.03001200480193
OUTLAST2,Outlast 2,/game/outlast-2/,dUH1nctxIVB3%2BPM3%2FQxAMZWLBByrWYDirqSaSHPMy5A%3D,25,164014,7.49,29.99,1,75.025008,75,Very Positive,85,10488,414700,2017-04-24,2026-03-30 16:12:15,7.8,https://shared.fastly.steamstatic.com/store_item_assets/steam/apps/414700/capsule_231x87.jpg?t=1618944453,outlast 2,1,1,3263,75.02500833611204
ETERNIGHTS,Eternights,/game/eternights/,5bffuBjcK4G55EnAoA7JibwefmP9H%2Bgf4bGHBR%2FPGOM%3D,25,264421,7.49,29.99,1,75.025008,75,Very Positive,90,1480,1402110,2023-09-12,2026-03-30 16:08:37,7.8,https://shared.fastly.steamstatic.com/store_item_assets/steam/apps/1402110/capsule_231x87.jpg?t=1759232313,eternights,1,1,931,75.02500833611204
RISKOFRAIN2,Risk of Rain 2,/game/risk-of-rain-2/,H4TuvluuisKx3N3MlQGFz0mK%2BXufzhj2rrOwG442xSk%3D,25,199815,8.24,24.99,1,67.026811,85,Overwhelmingly Positive,95,159212,632360,2020-08-11,2026-03-30 16:13:39,7.8,https://shared.fastly.steamstatic.com/store_item_assets/steam/apps/632360/capsule_231x87.jpg?t=1763490165,risk of rain 2,1,1,2058,67.02681072428972
EIYUDENCHRONICLERISING,Eiyuden Chronicle: Rising,/game/eiyuden-chronicle-rising/,NIJOnuAhND6P2M1b3JDT5OWMUtSizZUaueUQwPa7Dt8%3D,25,230931,3.74,14.99,1,75.050033,71,Very Positive,89,967,1658290,2022-05-10,2026-03-30 16:13:27,7.8,https://shared.fastly.steamstatic.com/store_item_assets/steam/apps/1658290/capsule_231x87.jpg?t=1725035783,eiyuden chronicle rising,1,1,1421,75.05003335557038
MAKEWAY,Make Way,/game/make-way/,DXqEEpS%2Fn1LNaghUJk0f5nIoPf3P85BvUId7UaF32Fw%3D,25,279309,4.94,14.99,1,67.044696,83,Very Positive,91,1358,1445790,2023-12-04,2026-03-30 15:53:39,7.8,https://shared.fastly.steamstatic.com/store_item_assets/steam/apps/1445790/capsule_231x87.jpg?t=1772551990,make way,1,1,848,67.04469646430954
HELLLETLOOSE,Hell Let Loose,/game/hell-let-loose/,hGkghq7LvGua2S7oCtIS0N0x0eTXL86a6WV18j4vIOY%3D,25,202258,12.49,49.99,1,75.015003,79,Very Positive,83,61065,686810,2021-07-27,2026-03-30 15:57:36,7.8,https://shared.fastly.steamstatic.com/store_item_assets/steam/apps/686810/3a74ff334f069752d895cd5501c07982bf747f8d/capsule_231x87_alt_assets_4.jpg?t=1773250282,hell let loose,1,1,1708,75.01500300060012
THETEXTORCISTAMENEDITION,The Textorcist: Amen Edition,,WiGTyYeDpsHW%2BHCQLwhrgvJ%2F4Nly12ebY7qYXFPBGRY%3D,25,242095,1.34,22.46,1,94.033838,0,,0,0,,1970-01-01,2026-03-30 16:13:49,7.8,https://images.gog-statics.com/6af66950dba50ba394720f47570876a2218a6551aa0675747160a4c24c34a493_product_tile_117h.webp,the textorcist amen edition,1,1,20543,94.03383793410508
HARRYPOTTERQUIDDITCHCHAMPIONS,Harry Potter: Quidditch Champions,/game/harry-potter-quidditch-champions/,1qQ0hldWK3OB84Qn9ffpr6b5aDKwoLW%2FCedMOHbq%2FvY%3D,25,289695,5.99,29.99,1,80.026676,63,Mostly Positive,73,1652,2878600,2024-09-03,2026-03-30 16:02:18,7.8,https://shared.fastly.steamstatic.com/store_item_assets/steam/apps/2878600/1c00b145aaaab51c65299b824e8dee60262d895d/capsule_231x87.jpg?t=1733419991,harry potter quidditch champions,1,1,574,80.02667555851951
STRAYEDLIGHTS,Strayed Lights,/game/strayed-lights/,Uim%2FWqI8dFsolUMZZ3cRlKP0PxHpa3pmMNfs%2FZs3f2U%3D,25,259254,3.24,12.99,1,75.057737,70,Very Positive,80,289,2162020,2023-04-25,2026-03-30 16:10:30,7.8,https://shared.fastly.steamstatic.com/store_item_assets/steam/apps/2162020/capsule_231x87.jpg?t=1756799953,strayed lights,1,1,1071,75.05773672055427
REBELCOPS,Rebel Cops,/game/rebel-cops/,4VuLDqw28hXKfETSRTzJSVATCsrxG5BBsAwbdOUdgkw%3D,25,204730,2.49,9.99,1,75.075075,69,Mostly Positive,76,1519,970960,2019-09-17,2026-03-30 16:14:17,7.7,https://shared.fastly.steamstatic.com/store_item_assets/steam/apps/970960/capsule_231x87.jpg?t=1725011134,rebel cops,1,1,2387,75.07507507507508
WEWEREHERETOO,We Were Here Too,/game/we-were-here-too/,TXrk%2B8xNh6m7nUeUxuF8lvKzfoDkpOqP2vZGrE9Y3PU%3D,25,177753,2.49,9.99,1,75.075075,69,Mostly Positive,78,3518,677160,2018-02-02,2026-03-30 15:50:45,7.7,https://shared.fastly.steamstatic.com/store_item_assets/steam/apps/677160/cc74870992c4f1c11fd7a1ccf8f1911485014ef3/capsule_231x87.jpg?t=1764329780,we were here too,1,1,2979,75.07507507507508
THEGAP,The Gap,/game/the-gap/,4is04AdiDIQUcWYgeSsdmVEIphxAtFnfyjtGV951Hl4%3D,25,259611,5.99,19.99,1,70.035018,80,Mostly Positive,75,124,1458300,2023-10-19,2026-03-30 16:06:28,7.7,https://shared.fastly.steamstatic.com/store_item_assets/steam/apps/2345630/capsule_231x87.jpg?t=1682833728,the gap,1,1,894,70.03501750875436
EDGEOFSANITY,Edge of Sanity,/game/edge-of-sanity/,Ohn519h4sllYxs9I1YTuNXToTdIGjYGHP3SHy3miF1s%3D,25,291263,5.99,19.99,1,70.035018,80,Mixed,68,187,1897110,2024-09-13,2026-03-30 16:01:38,7.7,https://shared.fastly.steamstatic.com/store_item_assets/steam/apps/1897110/880ff34c84e7ee65cd41bbc6b0166f9d2de44d0b/capsule_231x87.jpg?t=1726488716,edge of sanity,1,1,564,70.03501750875436
THEOUTFORCE,The Outforce,/game/the-outforce/,sYzu5Py6ZYQwQtJG%2B1bqzvoM1Si5Fj2mfBN27emxpcc%3D,25,280928,1.99,9.99,1,80.08008,56,Positive,85,21,2633480,2000-12-31,2026-03-30 16:06:42,7.7,https://shared.fastly.steamstatic.com/store_item_assets/steam/apps/2633480/capsule_231x87.jpg?t=1759527682,the outforce,1,1,9221,80.08008008008008
THEVALIANT,The Valiant,/game/the-valiant/,LLdPqQCTrCaTd90ruch3hbReQK1zXG7DYfI%2BCE4PTDY%3D,25,251390,6.24,24.99,1,75.030012,73,Mixed,61,204,959860,2022-10-19,2026-03-30 16:12:09,7.7,https://shared.fastly.steamstatic.com/store_item_assets/steam/apps/959860/capsule_231x87.jpg?t=1696424187,the valiant,1,1,1259,75.03001200480193
SUNDAYGOLD,Sunday Gold,/game/sunday-gold/,9mx3p44evWOjfItGLCfipSWA4QZUIzEJW6qQRp2%2F41w%3D,25,250743,5.49,21.99,1,75.034106,72,Mostly Positive,78,662,1969440,2022-10-13,2026-03-30 15:56:57,7.7,https://shared.fastly.steamstatic.com/store_item_assets/steam/apps/1969440/capsule_231x87.jpg?t=1762785219,sunday gold,1,1,1265,75.03410641200546
EXPEDITIONSVIKING,Expeditions: Viking,/game/expeditions-viking/,rLSXTExNF418M1Sh3PlS1oR1Scn1LFoKv9etj80HegA%3D,25,168338,7.49,29.99,1,75.025008,74,Very Positive,82,1912,445190,2017-04-27,2026-03-30 16:15:54,7.7,https://shared.fastly.steamstatic.com/store_item_assets/steam/apps/445190/capsule_231x87.jpg?t=1660137029,expeditions viking,1,1,3260,75.02500833611204
DAKARDESERTRALLY,Dakar Desert Rally,/game/dakar-desert-rally/,bG2wXTB7qZE20aLj2Vwd%2B%2BZGqqMNaCXb3aTOXLWW4Mk%3D,25,249966,5.99,29.99,1,80.026676,62,Mixed,56,1422,1839940,2022-10-04,2026-03-30 16:11:50,7.7,https://shared.fastly.steamstatic.com/store_item_assets/steam/apps/1839940/capsule_231x87.jpg?t=1705324133,dakar desert rally,1,1,1274,80.02667555851951
